age,gender,daily_gaming_hours,game_genre,primary_game,gaming_platform,sleep_hours,sleep_quality,sleep_disruption_frequency,academic_work_performance,grades_gpa,work_productivity_score,mood_state,mood_swing_frequency,withdrawal_symptoms,loss_of_other_interests,continued_despite_problems,eye_strain,back_neck_pain,weight_change_kg,exercise_hours_weekly,social_isolation_score,face_to_face_social_hours_weekly,monthly_game_spending_usd,years_gaming,gaming_addiction_risk_level
17,0,11.1,0,6,0,3.7,1,2,2,1.25,6,1,0,1,0,1,1,0,6.8,3.7,7,1.3,383.7,3,3
21,0,3,1,8,0,7.2,3,1,4,3.75,2,3,3,0,0,0,0,0,0.4,8.5,2,10.7,46.64,1,0
23,0,7.6,2,2,1,4.4,3,3,1,2.89,9,3,1,1,1,1,0,1,1.8,7.1,5,3.2,100.81,6,3
20,1,7.2,5,19,1,5.1,3,3,1,1.62,2,4,4,1,1,0,1,1,0.2,5.2,4,9.1,51.6,7,2
18,0,6.8,3,1,0,3.4,2,0,3,2.44,9,2,4,1,0,0,0,0,0.5,6.1,4,4.5,32.57,1,1
21,0,2.1,0,6,0,7.5,3,1,4,3.81,4,6,0,0,0,0,0,0,0.2,10.8,1,9.6,8.63,4,0
21,0,2.7,2,3,1,7.2,1,3,2,1.82,6,8,1,0,0,0,0,0,0.8,10,2,10.1,35.25,3,0
28,1,10.3,0,6,2,5.2,3,2,1,2.54,1,1,1,1,1,1,1,1,2.4,5.6,6,0.2,299.28,13,3
18,0,1.4,0,13,0,8.9,2,4,4,2.43,2,8,4,0,0,0,0,0,0.1,10.1,1,12.9,49.4,6,0
18,0,7.6,4,11,1,3.5,0,3,3,1.13,2,1,0,1,1,1,1,0,3.3,4.5,6,4.6,135.2,6,3
16,0,1.5,2,2,1,8.4,4,3,4,3.04,2,5,4,0,0,0,0,0,0.2,10.1,1,11,28.23,4,0
14,0,3,6,20,0,7.2,4,2,5,3.15,2,6,1,0,0,0,0,0,0.3,9.4,1,13.9,46.36,3,0
28,0,9.5,0,13,3,3.6,1,0,1,2,8,4,1,1,0,0,1,1,2.2,5.1,5,1.6,482.71,7,2
22,0,5.1,5,19,3,5.3,3,0,3,3.25,6,1,1,0,0,0,1,0,0.9,7.6,3,6.3,36.07,5,0
21,0,5.8,5,9,2,5.2,4,3,4,2.54,2,5,1,0,0,0,0,1,1.2,8.2,3,9,104.01,2,0
25,0,7.3,0,6,2,5.6,2,3,1,1.09,5,1,0,1,1,0,1,1,3.3,6.9,6,6.8,68.25,7,2
19,0,3,0,13,2,7.4,3,2,1,1.64,3,6,0,0,0,0,0,0,0.1,6.7,3,13.1,1.63,9,0
22,1,11.3,1,14,1,4.6,2,2,1,1.89,8,1,3,1,0,0,1,1,5.7,4.9,9,0.9,77.24,10,2
20,0,8.4,2,3,3,3.2,1,4,3,2.76,2,2,2,1,1,1,1,0,0.4,7.1,7,8.1,118.79,6,3
20,0,9.4,3,22,2,5.5,2,2,2,2.14,7,1,1,1,1,0,0,1,1.7,4.8,7,2.2,120.16,1,3
22,0,6.5,5,7,2,4.4,2,4,2,2.91,3,6,0,0,1,0,1,0,3.4,6.4,6,9.1,16.99,12,1
16,1,6.1,1,14,2,5.3,3,2,4,1.12,10,1,3,0,1,0,0,1,1.8,5.8,1,9.3,53.52,4,1
14,1,6.3,5,19,3,6.5,4,1,3,3.27,6,1,0,0,1,0,1,0,0.2,7.5,4,4.8,126.54,4,1
19,1,8.9,3,17,2,5.7,1,0,3,2.63,8,3,1,1,0,0,1,1,1.9,5.7,5,5.2,66.37,6,2
22,0,5.2,0,4,0,7,3,1,4,1.94,1,0,1,0,0,0,0,0,1.7,6.2,2,11.2,60.06,11,0
22,0,3.4,0,4,2,8.7,4,4,3,3.41,9,6,2,0,0,0,0,0,1.1,7.8,3,10.3,37.26,9,0
18,0,5.9,3,1,1,6.6,3,4,2,3.91,3,1,3,0,0,0,1,1,0.9,8,3,6.8,55.47,7,0
18,0,8.2,4,11,3,5.4,3,4,1,3.71,3,1,1,0,1,0,1,1,3.2,6.5,5,3.3,57.15,8,1
21,0,1.2,4,23,3,7.1,4,4,4,2.31,9,0,2,0,0,0,0,0,0.2,8.6,2,16.7,34.91,6,0
19,1,4.7,5,19,1,5.8,3,1,3,1.62,4,3,2,0,0,0,1,0,0.5,5.6,3,10,126.85,8,0
20,0,1,5,7,3,7.3,4,2,3,1.21,5,6,0,0,0,0,0,0,0,8.9,1,14.4,21.09,6,0
17,0,5.1,0,6,3,6.4,2,4,3,3.02,4,5,3,0,0,0,0,0,2.2,8.9,2,8.3,36.53,5,0
20,0,5.9,4,11,2,6.8,3,1,1,3.39,6,1,0,0,0,0,0,1,0.3,7.5,3,7.1,147.6,7,0
20,0,5.2,3,17,2,5.6,1,3,3,3.03,8,2,1,0,0,0,1,0,1.4,7.9,5,8.7,19.91,7,0
18,0,6.6,2,2,2,4.1,0,3,1,3.98,5,1,2,1,1,0,0,0,0.1,5.5,5,8.4,93.68,2,2
22,1,4.6,0,18,0,5.4,2,0,3,1.15,6,2,2,0,0,0,1,0,1.6,8.4,4,8.3,80.92,12,0
20,0,2.8,1,15,3,8.3,3,0,5,3.54,9,7,0,0,0,0,0,0,0.3,8.3,3,14.3,45.96,9,0
20,0,7.6,6,20,3,4.2,1,0,1,2.7,9,5,0,0,1,0,1,1,3.6,5.2,6,2.6,123.45,2,1
16,1,2.3,1,14,3,8.4,4,3,3,1.22,9,1,4,0,0,0,0,0,0.8,7.2,2,12.3,42.43,4,0
20,0,4.4,5,9,3,6.4,3,3,5,1.38,2,5,1,0,0,0,0,0,0.2,9.1,4,8.5,26.63,2,0
33,0,3.1,4,10,1,8.4,3,0,3,2.28,8,6,1,0,0,0,0,0,1.3,8.3,1,12.8,47.69,6,0
16,0,8,2,21,3,3.8,2,2,0,3.22,7,3,2,1,1,1,1,1,0.9,6,8,6.3,61.37,1,3
20,0,4.2,6,20,3,5.4,4,2,3,2.21,7,6,3,0,0,0,0,0,0.1,7.1,1,8.8,9.18,1,0
20,0,7.9,3,17,2,3.5,2,0,2,2.25,3,2,1,1,0,1,0,1,3.3,7,6,4.2,81.23,4,2
14,1,3.9,0,18,3,5.1,2,2,4,2.88,1,8,1,0,0,0,0,0,1.2,7.8,2,7.5,17.43,3,0
26,1,6.2,6,0,1,5.7,3,0,3,1.51,5,0,4,0,1,0,1,1,0.4,5.5,3,4.9,48.84,8,1
20,0,3.4,4,11,0,7.1,2,2,2,1.19,7,6,2,0,0,0,0,0,1.3,7.8,1,12.9,23.33,8,0
29,1,6.1,2,3,3,6.7,2,3,4,2.79,5,5,4,0,1,0,1,1,0.8,7.7,2,10.7,110.74,14,1
16,1,5.9,5,19,2,5.4,3,3,3,2.11,5,0,0,0,0,0,0,0,0.7,6,3,7.6,125.89,2,0
15,1,5.1,4,23,0,6.5,2,0,2,3.87,5,2,2,0,0,0,0,0,0.6,6.2,2,8.8,39.9,1,0
24,0,7,6,0,2,4.7,1,2,1,1.1,5,2,3,1,0,0,0,0,0.5,8,4,8.8,132.68,1,1
20,0,3.5,5,19,3,7.8,4,0,4,1.39,3,6,1,0,0,0,0,0,1.3,9.8,2,10.7,40.35,4,0
20,0,11.4,2,3,2,4.3,1,0,0,2.02,5,1,0,1,0,0,1,1,0.3,5,6,0.2,433.8,9,2
20,1,0.5,0,13,1,7.2,4,2,5,3.39,4,0,1,0,0,0,0,0,0.1,10,1,13.9,9.04,5,0
22,1,5.8,2,2,0,6.7,4,1,3,2.3,3,8,2,0,0,0,1,0,1.3,6.4,3,10.5,114.52,5,0
19,0,1.7,1,15,3,8.1,4,2,5,1.41,9,6,4,0,0,0,0,0,0,9.3,1,12.6,47.53,5,0
24,0,6,6,20,2,6.9,4,4,4,2.74,10,8,2,0,1,0,0,1,0.1,8.2,4,9.3,133.31,3,1
25,0,7.1,5,9,2,5.2,2,2,3,2.54,1,1,2,1,0,0,0,1,4.3,7.2,4,6.6,136.21,8,1
23,0,0.6,3,22,3,7.2,4,1,4,2.35,4,7,2,0,0,0,0,0,0,8.8,1,11.1,39.51,10,0
33,1,7.2,0,18,1,4.2,3,1,2,3.14,9,1,3,0,0,0,1,1,0.7,7.6,5,9,96.57,8,0
22,1,5.6,2,3,2,5.3,4,0,3,2.08,4,6,2,0,1,0,0,1,0.7,7.7,3,9.7,144.26,10,1
13,0,8.9,5,7,3,4.2,1,2,2,3.91,10,5,0,1,1,0,1,1,2.1,3.6,5,2.3,417.13,3,3
16,2,12.4,1,15,0,4.7,0,3,2,2,7,3,4,1,0,0,1,1,0.2,4.3,7,0.6,359.05,6,2
19,1,6.6,2,21,3,3.3,1,3,2,3.09,10,3,2,1,1,0,1,1,2.3,8,4,9.5,144.41,9,2
26,1,4.9,6,20,3,5.7,3,3,1,2.74,5,3,1,0,0,0,1,0,1.2,8.8,3,9.5,60.06,10,0
18,0,4.4,0,4,0,6.6,2,3,2,1.4,3,6,4,0,0,0,0,0,0,8.3,1,11.3,45.33,5,0
23,1,4.7,5,19,1,5.1,4,2,3,3.11,8,2,0,0,0,0,1,0,1.2,7,4,10.7,108,8,0
22,0,7,4,10,1,4,1,2,1,3.54,2,3,4,1,0,0,1,1,1,5.8,5,5.3,119.22,4,1
20,1,6.2,0,13,2,5.8,1,0,3,3.51,2,3,1,0,1,0,1,1,3.3,6.7,5,9.6,42.1,8,1
18,1,15.1,4,23,0,4.8,3,3,2,3.05,3,5,3,1,0,0,1,1,0,4.2,10,0,209.75,6,2
25,0,4.8,4,10,1,6.8,3,0,3,2.6,7,8,0,0,0,0,0,0,1.6,5.8,2,10,132.26,11,0
23,0,2.6,0,6,2,8.8,3,0,4,2.91,5,7,2,0,0,0,0,0,0.4,8.9,1,11.2,7.76,3,0
17,1,4,0,13,1,5.8,3,2,4,3.1,7,2,2,0,0,0,0,0,3.3,6.3,2,7.4,18.88,1,0
20,0,5,4,11,2,6.9,2,2,5,1.55,9,6,0,0,0,0,0,0,0.9,7.7,4,6.8,85.67,8,0
19,0,3.5,3,17,1,8,4,3,3,1.87,4,7,1,0,0,0,0,0,0.4,6.7,2,11.4,39.95,3,0
33,0,5.2,3,1,1,6.9,3,3,4,2.55,3,8,4,0,0,0,1,0,2,9,6,6.9,73.02,8,0
17,0,9.4,6,5,0,3.1,2,3,1,1.01,5,0,0,1,0,1,1,1,1.3,4.7,6,1.8,364.97,1,3
16,1,5.7,1,14,1,6.8,2,2,3,2.48,1,5,2,0,0,0,1,1,1.5,8.4,4,8.5,136.3,2,0
19,2,8.3,1,14,0,5.5,2,4,3,1.17,8,3,0,1,0,0,0,0,3,4,7,3.9,82.29,6,1
16,1,9,0,13,3,5.8,2,0,1,2.32,1,5,3,1,0,1,1,1,3.7,3.8,5,6,192.38,1,3
22,1,7.2,0,13,1,3.6,1,1,1,1.98,1,3,4,1,0,0,1,0,1.7,6.5,4,8,32.86,11,1
17,1,10.8,4,23,1,5,3,1,1,3.56,4,1,3,1,0,1,1,1,0.4,2.9,7,0.8,462.43,3,3
18,0,9.3,5,9,1,5.5,0,1,1,1.42,5,3,2,1,0,0,0,1,0.9,6.3,6,1.5,404.23,2,2
20,0,6.4,5,9,1,6.8,3,1,3,2.95,8,6,0,0,1,0,0,1,1.5,7.6,5,7.5,91.02,8,1
26,0,1.1,0,18,1,7.6,4,2,4,1.71,5,6,3,0,0,0,0,0,0.4,9.5,1,15.5,24.99,10,0
22,0,3,3,22,3,8.8,2,1,4,2.4,5,6,1,0,0,0,0,0,1.1,7.1,2,8.5,34.92,11,0
14,0,7.5,4,11,1,4.8,3,0,1,1.29,1,2,3,1,1,0,1,0,0.7,7.9,5,6.6,123.8,3,2
17,0,6.1,2,3,0,6.7,3,3,3,3.06,4,6,2,0,1,0,1,1,1.8,5.6,4,9.8,71.69,1,1
18,1,5.9,6,20,0,6.5,2,1,3,2.46,2,6,0,0,1,0,1,0,0.4,7.4,4,4.9,96.37,4,1
22,1,8.1,0,4,3,3.1,3,2,0,3.21,6,1,2,0,1,0,1,0,0.3,6.8,5,5.1,67.48,1,1
20,0,10.3,4,23,0,5.8,2,1,2,1.5,1,2,2,0,0,0,0,1,4.5,3.6,8,1.6,499.27,4,1
17,1,8.9,6,5,0,5.9,3,0,4,3.26,8,5,0,1,0,0,1,1,5.7,5.3,5,2.7,254.42,5,2
26,1,5.9,0,6,2,6.1,4,4,4,3.33,10,7,2,0,1,0,0,0,0.5,5.2,5,8.4,83.67,14,1
21,1,4.9,6,20,3,6.1,3,4,0,3.53,5,4,1,0,0,0,1,0,0.3,9.1,2,7.6,56.37,8,0
22,0,1.7,5,19,2,7.3,3,1,3,1.41,7,6,0,0,0,0,0,0,0.4,10.8,1,14.1,24.1,5,0
19,0,7,0,4,3,4.9,2,3,0,3.92,4,5,4,1,1,0,1,1,0.4,4.6,6,8.8,115.12,1,2
19,0,3.2,1,15,3,7.3,3,3,3,2.05,9,5,1,0,0,0,0,0,0.5,9.1,2,14.4,15.77,1,0
23,0,10.4,5,7,3,5.6,2,3,1,2.98,10,1,1,0,1,1,0,0,4.1,3.7,5,3.9,197.03,5,3
31,0,5.1,1,15,0,6.5,3,3,3,1.85,1,2,3,0,0,0,1,0,0.9,7.4,2,10.9,72.27,12,0
27,1,6.3,0,4,0,6.3,1,3,3,3.2,10,0,4,0,0,0,1,0,1.3,8,2,10.2,21.12,2,0
21,0,5.4,2,21,0,6.6,3,1,0,3.51,4,6,1,0,0,0,1,0,1.3,5.7,1,11.2,33.12,11,0
19,0,6.1,5,9,2,5.5,4,4,3,3.22,7,6,1,0,0,0,1,0,0.6,8.1,5,7.9,110.19,3,0
19,1,7.1,4,10,0,5,2,1,4,2.66,1,3,2,1,1,0,0,1,0.1,5.3,4,6,112.86,8,2
19,1,8,5,9,0,3.4,1,0,1,2.53,6,5,3,1,1,0,1,1,0,6.6,4,2.6,26.81,3,2
21,1,4.8,3,22,3,6.6,3,3,2,1.08,5,7,1,0,0,0,0,0,3.6,6.1,2,10.9,48.19,1,0
17,1,9.8,3,22,0,5,1,4,1,3.66,5,1,4,1,1,0,0,0,5.2,6.8,7,3.4,114.88,7,3
14,1,2.9,2,21,3,7.9,4,0,5,1.37,5,0,4,0,0,0,0,0,0.5,9.4,3,8.7,24.6,3,0
19,1,6.8,3,17,1,3.7,2,0,0,2.96,7,2,1,1,0,0,1,1,1.9,6.4,4,4.7,127,9,1
19,0,4.6,3,12,2,5.3,3,2,5,2.21,4,3,4,0,0,0,0,0,0.2,6.8,2,11.3,85.23,8,0
26,0,12,5,7,0,4.4,2,0,0,3.53,2,3,2,1,0,1,1,1,1.8,5.2,9,2.5,326.96,15,3
16,1,5.4,3,12,0,6.7,4,1,2,2.85,9,6,1,0,0,0,1,0,0.4,7.9,3,11,147.65,3,0
31,1,5.5,1,14,0,6.8,3,1,4,3.66,8,6,0,0,1,0,1,1,3.3,6.4,4,10.2,126.15,20,1
16,0,3.6,6,0,1,6.9,3,3,2,3.82,10,3,3,0,0,0,0,0,0.2,9.9,1,9.6,40.4,5,0
20,1,9.2,0,13,1,5.8,1,3,2,2.98,6,4,4,1,0,0,1,1,0.3,7,6,3.6,177.45,5,2
23,0,3.2,0,13,2,8.4,3,1,5,3.53,9,6,4,0,0,0,0,0,0.3,10,3,11.7,49.01,5,0
22,1,8.4,4,23,3,4.2,1,4,0,2.57,3,3,0,0,1,1,1,0,1.3,5.6,6,3.4,82.28,8,2
15,0,13,3,1,1,5.4,1,2,2,2.6,10,0,2,0,1,1,0,1,3.4,4,9,0.9,224.87,3,3
15,0,5.7,5,19,2,5.5,2,0,2,1.32,9,1,4,0,1,0,1,1,3,7.7,4,9.1,61.16,1,1
16,2,0.9,4,23,3,8,3,2,4,1.75,4,4,2,0,0,0,0,0,0.4,10.8,1,15.2,35.37,1,0
19,0,4.8,0,6,2,6.3,2,2,3,2.86,6,6,3,0,0,0,1,0,3,6.9,4,9.9,29.59,1,0
23,0,11.8,3,12,0,3.8,1,3,1,1.42,6,8,2,1,0,0,1,1,6.1,5.4,8,2.5,391.88,1,2
17,0,6,2,16,3,6.7,2,2,5,3.71,1,2,3,0,1,0,1,1,2.2,7.6,5,10.4,147.47,7,1
18,0,2.6,1,15,1,7.3,3,3,4,1.1,2,6,0,0,0,0,0,0,0.9,7.8,2,12.6,37.3,1,0
14,1,7.7,5,19,1,5.6,2,0,1,1.96,3,5,0,1,1,0,1,1,3.8,6.5,5,8.1,25.58,2,2
20,1,10,4,11,2,5.5,4,4,1,2.19,4,4,2,1,0,1,0,0,4.4,3.6,6,2,358.72,5,3
19,0,5,0,6,1,6.7,2,4,4,1.11,10,6,2,0,0,0,1,0,1.5,8.9,3,11.8,143.86,9,0
22,0,5.6,3,22,2,5.1,2,1,2,1.69,4,1,4,0,0,0,0,0,4.4,8.3,5,5.7,44.63,1,0
19,1,4.3,4,23,2,6.7,1,2,3,3.31,8,6,0,0,0,0,0,0,1.5,9.6,2,13,48,6,0
35,0,3.1,1,14,2,7.6,4,4,2,3.51,9,7,4,0,0,0,0,0,1.8,7.8,3,8.7,27.92,15,0
18,1,3.6,0,6,2,6.3,3,0,2,1.74,8,0,3,0,0,0,0,0,0.7,6,2,8.7,13.53,3,0
20,1,6.9,5,7,1,4.9,4,3,4,3.11,10,1,4,0,0,0,1,1,1,6.9,4,6.5,22.1,10,0
16,0,5.2,0,6,0,5.7,3,2,3,1.03,1,1,0,0,0,0,1,0,0.4,9.1,2,6.7,20.36,4,0
13,0,4,3,17,2,5.1,2,4,3,1.42,3,1,4,0,0,0,0,0,0.4,6.4,2,12.1,27.46,1,0
26,0,8.3,5,9,1,5.4,2,3,3,2.8,4,4,0,0,1,1,1,0,4.4,7.6,5,3.5,49.13,1,2
16,1,3.6,6,5,3,5.5,1,4,4,4,8,8,4,0,0,0,0,0,0.6,9.8,3,10.2,20.78,4,0
24,0,7.9,4,11,2,4.6,4,3,3,3.05,2,4,1,1,1,0,1,1,0.9,5.3,5,5,30.7,11,2
19,0,8,5,7,2,3.4,2,3,2,2.1,4,5,3,1,1,1,1,0,1.4,4.1,7,6.4,104.41,9,3
19,0,9.3,0,6,1,4.8,1,4,2,3.59,2,8,2,1,0,1,1,1,2.7,4,7,5.7,113.26,2,3
20,0,10.2,5,9,3,5.1,2,0,1,3.47,7,3,4,0,0,0,0,1,1.8,3,7,4.5,314.14,6,1
24,0,7.2,1,8,2,4.6,0,2,1,3.55,1,5,0,1,1,0,1,1,3.4,7.5,5,6.7,83.77,5,2
15,0,7,1,14,0,4.7,3,0,3,1.91,6,1,0,1,0,0,1,1,3.2,6.3,4,8.9,80.95,4,1
21,0,8.2,0,6,1,3.7,2,3,1,1.78,8,2,3,1,0,0,1,1,0.8,4,4,5.5,52.5,1,1
22,0,4.4,2,2,3,5.2,2,3,4,1.85,7,5,0,0,0,0,0,0,1.4,9.3,3,8,21.43,5,0
20,0,5.8,1,14,1,6,3,2,4,1.08,5,6,4,0,1,0,0,1,2.6,6,5,6.6,111.06,10,1
21,0,9.7,3,17,3,4.5,0,0,2,3.37,8,8,2,1,0,0,0,0,0.5,3.7,8,2.5,276.24,7,2
17,2,3.2,1,14,3,7.2,3,0,3,2.58,4,6,3,0,0,0,0,0,1.5,7.6,1,9.2,39.13,2,0
18,0,8.9,6,5,2,3.5,4,4,4,1.34,6,2,0,1,0,0,1,1,2.7,4.9,5,5.1,342.1,2,2
30,1,6.6,4,11,0,5.2,1,1,1,1.67,7,7,0,1,0,0,1,1,1.3,6.5,5,6.8,11.24,15,1
18,0,3.9,5,7,1,6.5,2,0,2,2.73,3,6,3,0,0,0,0,0,0.3,9.4,3,10.9,23.79,6,0
19,0,10.4,6,20,3,5.1,1,3,0,1.76,3,4,2,1,1,0,0,1,5,5.6,8,5.9,412.09,5,3
19,0,5.3,1,14,1,6.4,2,1,3,1.43,8,3,0,0,0,0,1,0,2.4,7.9,4,9.6,39.82,1,0
16,0,4.8,1,14,2,5.3,3,0,5,1.61,2,0,4,0,0,0,1,0,0.9,7.5,4,9.4,69.97,2,0
16,1,6.4,1,15,0,5.4,3,1,2,3.34,6,6,3,0,0,0,0,0,0.1,8.3,3,8,34.14,6,0
17,0,10.6,5,9,3,4.1,0,3,1,1.06,3,2,3,0,1,1,0,1,1.8,6.2,8,3,247.77,1,3
17,0,6.7,2,3,3,5.3,0,3,3,1.21,4,5,0,0,0,0,1,1,1.4,8.1,4,8.6,34.13,1,0
20,0,6.9,3,12,2,4.7,0,4,2,3.29,2,5,2,1,0,0,0,0,1.1,8,4,6.4,59.03,10,1
16,1,2.2,2,3,1,7.7,3,2,5,1.45,9,6,2,0,0,0,0,0,0.1,8.6,1,11.1,31.73,6,0
22,0,9,1,15,2,5.3,2,2,1,1.11,2,0,0,1,0,0,0,1,3.3,7.2,5,1.6,168.77,12,2
25,2,4.7,5,7,1,7,4,0,3,2.98,1,3,0,0,0,0,1,0,0.6,7.4,4,9.1,110.14,9,0
18,0,10.4,1,15,0,4.7,2,0,1,3.55,2,1,4,1,1,0,1,1,1,6.6,6,5.7,326.87,5,3
19,0,12.2,1,8,3,5.9,3,3,2,3.72,10,0,2,1,1,0,0,1,2.1,4.7,7,0.5,473.21,5,3
27,0,4.3,6,20,0,5.3,1,1,4,3.18,5,6,4,0,0,0,0,0,2.8,7.9,2,8,44.35,7,0
22,1,6.3,1,15,2,5.5,3,2,2,3.98,4,5,0,0,0,0,1,1,0.2,9,2,9.7,53.06,7,0
18,0,7.7,6,5,1,5.6,2,2,2,3.22,3,1,4,0,1,1,1,1,0.3,4.8,7,5.6,110.52,5,2
21,1,8.4,5,9,2,5.7,2,3,0,3.14,9,1,1,1,1,0,1,0,0.6,4.8,5,6.3,128.87,2,2
18,0,7.2,6,5,0,3.9,2,3,2,3.97,1,0,0,1,0,0,1,1,0.4,4.6,6,5.2,130.82,7,1
21,0,5.1,5,19,1,5.8,3,0,4,2.72,10,3,0,0,0,0,0,0,1.1,7.3,3,11.3,20.68,5,0
25,0,5.8,1,8,3,5.3,3,1,2,3.3,3,7,1,0,1,0,1,0,0.5,6.6,5,9.2,55.18,11,1
21,0,7.6,2,16,3,5.6,1,3,1,1.5,9,8,1,1,0,1,1,1,0.7,4.7,6,4.6,38.69,6,2
23,0,2.6,2,3,3,8.3,2,4,4,3.15,4,6,0,0,0,0,0,0,0.4,8.8,1,14,6.45,3,0
21,0,1.3,3,22,0,8.4,3,1,4,1.44,5,6,3,0,0,0,0,0,0.5,9.6,1,12.6,15.07,8,0
24,0,6.2,5,7,1,5.9,3,3,3,1.09,10,1,1,0,1,0,0,0,0.8,6.5,6,4.9,135.88,14,1
21,0,9.1,5,9,0,3.2,1,0,3,2.92,1,3,1,1,1,0,1,1,1.4,4.9,7,3.8,396.01,1,3
22,0,10.1,1,8,1,3.4,2,2,2,1.1,2,2,2,1,1,0,1,0,2.8,4.2,8,2,358.37,3,3
25,0,7.9,2,21,1,5.1,3,2,3,2.96,6,2,1,1,0,0,1,0,0.5,7.4,5,3.3,53.96,7,1
19,1,2.9,6,5,1,8,4,4,5,3.29,10,2,1,0,0,0,0,0,0,8.8,1,9.7,35.81,9,0
19,0,4.6,6,20,0,5.9,3,1,2,2.1,6,6,0,0,0,0,0,0,1,8.5,3,9,10.06,1,0
21,0,5.7,4,11,1,5.7,4,4,3,3.84,4,2,0,0,1,0,0,1,2.4,7.3,3,9.4,123.33,8,1
22,1,8.2,1,14,1,4.2,2,1,1,2.27,6,4,1,0,1,0,1,1,1.9,4.2,5,7.8,77.94,5,1
19,1,3.1,1,14,3,7.2,4,2,5,3.51,1,8,2,0,0,0,0,0,1.2,9.1,1,9.7,15.06,1,0
22,1,7.3,6,0,3,3,2,0,5,2.15,5,2,2,1,0,0,1,1,0.7,7.9,4,8.8,31.57,12,1
17,1,10.9,4,10,3,3.8,2,3,2,3.21,3,3,4,1,1,1,1,1,3.5,3.7,6,1.1,232.94,2,3
28,0,11,5,19,1,3.3,1,2,3,2.67,7,1,4,1,1,1,1,0,2.4,5.5,5,0.3,207.35,4,3
19,0,11,0,18,0,3.7,3,3,1,3.52,8,3,0,1,0,0,0,0,8,6.3,8,0.4,484.09,8,2
24,0,10.5,4,11,1,4.5,1,3,1,1.76,4,1,3,1,1,0,0,1,3.1,3.3,6,3.6,240.74,10,3
19,1,7,6,0,1,4.1,1,1,2,1.42,4,5,2,1,0,0,1,0,0,8.4,4,5.4,45.66,8,1
16,1,2,5,9,3,7.6,3,1,5,1.23,5,6,4,0,0,0,0,0,0.1,9.9,3,12.7,23.53,5,0
24,0,11.2,4,11,3,4,1,0,1,3.31,10,2,4,1,1,1,1,0,3.5,5,8,0.7,246.83,8,3
21,0,4.4,2,3,1,6.6,3,1,2,3.23,9,2,1,0,0,0,0,0,1.7,9,3,8.8,45.31,8,0
17,0,6.3,0,18,3,5,2,1,3,3.5,9,4,0,0,0,0,1,1,0.3,7.6,3,8.2,41.6,5,0
18,0,4.2,2,21,3,6.1,2,0,3,1.64,4,6,1,0,0,0,0,0,0.6,7.2,1,9.5,6.99,7,0
20,0,3.9,4,10,2,6.3,4,0,4,3.5,9,2,3,0,0,0,0,0,0,7.9,2,9,36.21,2,0
18,1,1.5,6,20,3,7,4,0,3,1.24,4,3,4,0,0,0,0,0,0.3,11.5,1,13.6,32,7,0
24,0,8.8,6,5,3,4.1,1,2,4,3.49,6,3,0,1,1,1,1,1,0.9,4.4,7,2.6,67.73,11,3
21,1,3.7,3,1,1,5.8,2,0,1,2.84,8,2,0,0,0,0,0,0,0.4,8,3,7.4,24.63,10,0
19,0,5.2,1,15,1,6.5,2,0,4,1.85,8,2,4,0,0,0,1,0,1.8,8.8,1,6.2,89.91,2,0
20,0,6.6,2,16,3,5.1,1,3,0,1.77,5,3,0,1,1,0,1,1,1.6,7.4,6,5.5,56.6,5,2
24,1,6.2,6,20,0,5.9,3,4,3,2.35,4,1,1,0,0,0,0,1,0.7,7.8,2,7.3,129.73,12,0
18,0,3.6,1,8,2,6.1,2,4,2,2.02,1,5,4,0,0,0,0,0,0.2,7.1,3,10.1,8.29,1,0
21,1,6,1,15,3,6.7,3,4,5,2.41,3,3,3,0,0,0,0,0,0.8,6.1,3,10.3,108.18,3,0
27,0,4.3,3,22,1,5.5,3,0,2,1.68,2,6,1,0,0,0,0,0,1.2,8.8,3,12.6,4.81,2,0
16,0,8.7,5,9,2,3.6,2,2,2,1.3,8,0,1,1,0,0,1,1,0.9,6.9,7,6.4,178.36,6,2
21,0,12,0,13,3,3.8,1,2,3,1.31,5,0,1,0,0,0,1,1,0.9,2.8,9,1.1,389.7,2,1
22,0,5.4,4,23,3,5.5,4,3,2,1.07,1,7,1,0,0,0,0,0,0.3,6.4,3,10.9,39.77,3,0
19,1,4,6,20,0,6.9,3,3,3,1.85,1,2,4,0,0,0,0,0,0.4,6.6,2,8.2,46.13,4,0
14,1,4.7,1,8,3,5.5,2,2,4,3.44,4,4,2,0,0,0,1,0,1.1,7.3,3,8.3,87.51,4,0
21,0,2.7,4,10,0,8.2,4,3,4,3.69,3,2,2,0,0,0,0,0,0.6,6.8,1,12,12.31,11,0
20,0,7.2,6,5,3,4.3,1,4,0,2.58,8,3,2,1,1,0,0,1,0.6,8,5,3.6,123.4,1,2
27,0,3.9,6,20,1,6.9,2,4,2,2.27,6,7,0,0,0,0,0,0,0.1,6.1,1,11.2,18.05,7,0
24,2,12.9,0,6,2,5.5,3,1,0,1.56,10,3,4,1,0,0,1,0,2.6,4.9,7,1.4,189.43,5,2
21,0,5.1,1,8,0,6.7,3,4,4,1.28,1,3,0,0,0,0,1,0,1.4,9.2,4,7.2,47.43,7,0
21,0,8.8,4,10,1,5.6,2,1,2,3.2,10,2,0,0,1,1,1,1,3.6,5.9,5,5.7,462.75,4,3
19,0,5.2,6,20,3,6.3,4,1,4,3.7,2,5,3,0,0,0,1,0,2,7.9,2,8.5,60.25,1,0
20,0,6.2,0,18,2,5.3,3,0,4,2.19,3,2,0,0,0,0,1,1,0.1,6.7,3,10.6,109.33,1,0
19,1,4.3,4,11,3,5.3,3,2,3,3.09,3,6,2,0,0,0,0,0,1.3,6.3,3,8.1,12.63,5,0
19,0,9.3,0,13,1,5.2,1,2,1,2.92,8,5,1,0,0,1,1,1,0.6,5.9,5,2.7,371.68,2,2
20,0,11.3,6,20,3,5.9,3,1,1,2.86,2,1,1,1,0,0,1,1,4.4,2.6,6,3.7,485.6,3,2
22,0,11,2,16,3,4.3,1,1,1,3.23,4,1,3,1,0,1,0,1,3.6,3.5,10,0,96.98,9,3
17,2,7.1,0,18,3,5.4,3,2,1,2.41,10,1,1,0,0,0,1,1,1.3,4.8,3,5.3,104.49,5,0
17,0,4.6,5,19,0,5.7,3,4,3,3.24,7,6,2,0,0,0,1,0,1.4,7.2,3,9.1,17.42,2,0
20,0,3.2,1,8,1,7.2,4,3,4,3.65,9,8,3,0,0,0,0,0,1.4,9.4,3,12.2,17.98,2,0
16,0,5.1,4,11,1,6.6,4,2,3,1.35,7,5,2,0,0,0,1,0,2.6,8,3,7.2,130.26,1,0
17,0,2.7,1,8,2,8.6,4,1,5,1.44,1,0,1,0,0,0,0,0,0.8,9.1,1,11.6,43.38,4,0
20,1,2.7,3,22,0,7.1,3,1,4,3.38,2,6,3,0,0,0,0,0,0.6,6.6,2,13.9,37.91,7,0
18,0,4.1,6,20,1,5.8,3,0,5,3.01,7,1,0,0,0,0,0,0,0.2,8.9,3,9.9,34.75,1,0
20,1,0.5,6,0,3,8.7,4,0,4,3.88,3,3,4,0,0,0,0,0,0.4,10.4,1,15,22.38,10,0
19,0,7.1,4,11,2,4.3,1,4,2,2.45,4,8,3,0,1,0,0,1,0.1,8.5,5,3.7,79,5,1
19,1,7.8,1,14,3,4.2,3,2,1,2.89,6,0,3,0,0,0,0,0,0.1,4.7,4,8.3,135.38,6,0
20,1,3.5,1,15,2,5,2,0,3,3.22,3,5,3,0,0,0,0,0,1,10,2,8.5,48.25,10,0
19,0,8.7,3,12,2,3.3,2,1,2,3.47,2,6,1,1,0,0,0,0,1.6,6.4,5,3.2,362.26,6,2
19,0,8.2,3,17,1,5.9,2,3,1,2.47,7,0,2,1,0,1,0,1,0.9,5.4,5,4,18.61,6,2
19,1,8.7,5,7,0,4.2,3,4,1,1.97,10,1,4,0,1,0,0,0,5.5,4.8,6,7.2,428.62,4,2
27,0,6,1,8,0,5.7,4,3,2,3.65,3,0,4,0,0,0,1,0,1.2,5.3,5,5,74.07,8,0
18,1,5.9,2,16,3,5.2,3,4,3,2.37,9,8,3,0,1,0,1,1,3.1,6.2,3,6.1,25.16,6,1
23,0,5.2,0,6,3,5.9,3,2,5,1.32,2,7,1,0,0,0,1,0,1.5,8.4,2,9.6,103.9,2,0
21,0,5.5,4,11,0,5.3,4,1,5,2.35,10,5,3,0,1,0,0,0,3.9,8.7,3,5.3,121.44,11,1
17,0,7.5,1,14,3,3.4,1,1,2,2.62,7,1,0,0,0,1,1,0,0.2,7.7,5,4.5,145.06,4,1
26,1,8.8,4,10,0,4.9,2,3,3,3.55,9,8,1,1,1,1,0,1,3.5,5.9,6,1.6,430.82,14,3
20,1,5.7,5,9,3,5.5,3,2,3,2.25,3,8,4,0,1,0,0,1,0.3,8.7,5,8.5,60.72,2,1
22,1,10.9,2,3,0,5.2,1,0,1,3.74,9,3,0,1,1,0,1,1,3,5.2,8,0,247.59,7,3
17,0,2.3,2,16,3,8.7,4,3,4,1.39,2,5,3,0,0,0,0,0,0.8,7,4,12.7,35.91,4,0
24,0,0.7,2,21,1,8.3,4,3,3,3.3,5,6,4,0,0,0,0,0,0.3,9.5,1,11,6.93,7,0
20,0,6.6,4,10,2,3.8,1,3,1,3.02,3,2,2,1,1,0,1,1,0.1,8.1,3,7.5,50.22,9,2
19,1,9.3,2,2,1,3,2,2,1,3.51,5,3,4,1,0,0,1,0,2.3,6.1,5,4.6,195.86,3,2
33,1,2.7,2,16,3,8.7,4,1,4,1.69,6,6,1,0,0,0,0,0,1,8.3,2,10.7,31.35,20,0
14,0,1,4,23,1,7.2,3,3,2,2.33,2,5,2,0,0,0,0,0,0.4,10.1,1,13.4,35.39,2,0
20,1,8.9,6,5,3,4.3,3,1,1,3.28,1,2,1,1,0,1,1,1,3.4,6.9,5,4.7,131.33,2,3
20,0,8.2,2,2,2,3.2,2,0,0,2.33,8,1,1,0,0,1,0,1,3.6,5.8,5,5.2,103.72,2,1
18,0,7.8,4,11,3,3.7,1,2,1,3.65,2,8,0,1,1,1,0,1,1.4,5.8,6,6.3,89.41,6,3
25,1,3.9,3,17,2,6.3,2,4,3,3.36,2,3,3,0,0,0,0,0,0.2,8.2,2,12.4,17.57,9,0
16,0,4.6,3,17,1,6,1,2,2,3.2,3,5,3,0,0,0,1,0,1.6,6.9,3,8.9,37.4,5,0
20,0,8.2,1,8,0,5,2,3,2,2.21,6,5,2,1,0,1,0,1,3.1,6.6,6,6.4,66.44,4,2
18,1,7.3,0,4,3,4.7,1,4,5,2.27,3,3,0,1,1,0,1,0,2.8,6.4,5,5,81.74,6,2
23,1,2,1,15,2,8.7,3,2,5,2.82,10,7,4,0,0,0,0,0,0.5,10.6,1,13.7,20.74,11,0
19,0,5.5,5,7,3,6.1,3,1,1,1.05,1,3,4,0,1,0,0,0,2.8,7.7,3,9.7,149.11,7,1
23,0,4.4,0,18,0,6.3,3,3,3,3.09,1,0,1,0,0,0,0,0,0.5,8.9,3,9.7,14.36,8,0
20,0,7.9,2,16,2,4.7,4,3,2,1.94,6,4,0,1,1,0,0,1,3.9,5.6,5,8,89.96,6,2
27,0,14.2,6,20,1,3.4,1,1,0,2.7,7,1,1,0,0,0,1,1,4.4,2.9,9,0,73.8,10,1
15,0,15.1,6,0,1,5.7,3,2,1,3.72,6,5,0,0,0,0,1,1,1.5,0.7,9,0,435.38,2,1
13,1,5.2,0,18,1,5.5,3,4,3,3.1,6,6,0,0,0,0,1,0,1.3,8.9,3,8.8,92.86,3,0
19,0,10.6,1,14,2,5.5,4,4,0,3.07,7,1,3,1,1,0,0,0,2.2,2.5,5,0.3,435.3,1,3
26,0,3.7,0,18,0,5,3,4,4,3.29,1,5,4,0,0,0,0,0,1.8,6.2,3,7.4,18.82,1,0
26,1,8.2,0,6,1,4.1,1,3,3,2.21,9,1,4,0,0,0,0,1,0.2,7,5,8,134.24,14,0
20,0,10.3,4,10,3,3.2,1,3,2,1.53,9,8,2,0,1,0,0,1,0.1,4.3,7,4.2,266.35,7,2
17,0,9.3,5,9,2,4.8,1,3,3,1.6,1,1,1,1,0,1,1,1,3.2,6.6,8,4.1,366.44,4,3
16,0,11.8,0,18,0,3.3,1,1,1,2.69,5,5,3,1,1,0,1,0,2.7,4.8,10,1.1,270.57,5,3
13,0,9.8,5,7,2,4.5,2,2,2,2.05,3,5,1,1,1,0,1,1,4.6,6.2,8,2.7,418.07,1,3
20,1,7.5,0,4,1,4.3,1,1,1,1.41,2,4,4,1,1,0,1,0,5,7.5,4,3.6,83.3,7,2
32,1,6.6,2,2,0,3.7,2,1,3,1.78,3,3,3,1,1,0,1,1,0.9,5.2,6,9.4,77.47,6,2
20,1,2.8,2,21,2,8,4,0,2,1.18,4,7,4,0,0,0,0,0,1.3,6.5,3,10,13.4,9,0
25,1,12.6,3,22,0,4.8,1,2,3,2.69,2,8,1,1,1,1,1,1,0.5,4.5,7,0,438.13,3,3
30,0,5,1,15,1,6.9,3,1,3,3.2,9,3,2,0,0,0,1,0,1,7.1,4,10.5,106.3,12,0
27,1,5.4,2,2,1,5.3,4,2,3,1.85,7,0,3,0,0,0,0,0,1,9.5,3,11.3,106.06,8,0
17,0,5.3,2,2,3,6.5,3,2,3,2.18,2,8,0,0,0,0,1,0,2,6.1,1,6.5,122.21,3,0
25,1,9.4,5,7,3,4.8,2,2,2,1.38,9,0,1,0,0,0,1,1,1.7,7.4,6,4.4,469.94,3,1
24,0,7.8,0,6,3,4.8,2,4,2,2.33,10,3,4,0,0,0,1,0,0.2,5.2,5,7.6,93.67,5,0
22,1,5.1,5,19,2,6.7,4,1,3,2.54,2,2,3,0,0,0,1,0,0.4,5.7,3,9.8,24.45,1,0
19,1,1.9,5,7,3,7.4,4,2,4,1.14,8,2,0,0,0,0,0,0,0.5,7.4,2,15.3,23.64,2,0
15,0,8.8,0,13,0,5.4,3,4,2,2.6,6,0,3,1,1,0,0,1,0.7,7,7,7.1,83.42,1,3
16,0,1.8,5,19,3,8.5,3,4,4,2.01,1,6,3,0,0,0,0,0,0.5,10.1,1,11.8,35,6,0
26,1,2.9,3,17,0,9,3,4,4,1.03,6,6,4,0,0,0,0,0,0.8,9.7,3,14.3,33.83,14,0
28,0,3.5,3,17,1,6.5,3,4,3,1.62,10,4,1,0,0,0,0,0,0.7,7.6,1,7.7,2.01,7,0
16,0,9.9,2,2,0,3.7,4,3,2,3.99,6,4,0,0,0,1,1,0,1.9,4.5,5,3.4,257,4,2
17,0,6.3,2,3,2,5,3,1,2,3.66,5,2,1,0,1,0,1,0,1.8,7.3,6,10.1,33.48,3,1
19,0,8,1,14,3,5.4,3,2,1,1.09,6,4,3,1,0,0,1,1,1,7.1,4,2.9,18.98,8,1
22,0,3.8,3,22,2,5.4,4,4,3,1.69,5,0,3,0,0,0,0,0,1,10,3,9.4,31.5,8,0
20,0,2.2,4,10,3,8.1,4,0,4,1.15,5,7,1,0,0,0,0,0,1.2,8.8,2,12.5,0.65,8,0
17,0,3.6,2,16,0,6.1,1,1,4,1.08,5,5,2,0,0,0,0,0,0.9,6.4,3,10.2,15.92,5,0
21,0,3.7,2,2,0,6.9,3,3,5,2.74,4,8,3,0,0,0,0,0,0.3,6.1,3,7.5,44.68,3,0
21,1,1.9,2,21,1,8.7,4,1,4,3.9,3,4,0,0,0,0,0,0,0.1,9.7,1,14.5,16.75,7,0
18,0,6.7,2,3,0,3.6,2,0,1,1.39,10,4,1,0,0,0,0,0,0.5,7.5,4,5.4,148.22,5,0
19,0,4.1,3,17,1,5.3,3,3,2,2.36,5,3,0,0,0,0,0,0,0.4,8.1,2,11.5,36.57,3,0
20,0,3.9,1,14,3,6.7,4,0,2,3.88,8,3,3,0,0,0,0,0,0.1,7,3,12.1,42.46,2,0
34,0,2.8,6,20,0,7.1,4,2,5,3.37,2,1,1,0,0,0,0,0,0.9,9.9,2,13.5,4.35,16,0
20,0,8.4,4,23,3,4.3,3,2,2,2,4,2,1,1,1,0,1,1,0.9,4.1,5,3,18.07,1,2
19,1,5.4,1,15,2,6.4,3,1,3,2.94,3,3,0,0,0,0,1,0,0.2,6.7,3,11.1,144.36,7,0
13,0,6.2,4,10,2,5.7,1,4,3,2.61,8,3,3,0,0,0,1,1,1.1,6.6,4,10.4,75.94,3,0
21,0,8.6,1,8,0,3.2,1,2,2,3.75,6,5,4,1,1,1,1,0,2.8,6.5,8,4.7,394.83,6,3
20,0,7.6,3,1,3,5.2,3,1,1,1.45,7,0,1,1,0,1,1,0,2.1,5.7,7,3.7,49.2,7,2
24,1,8.6,5,7,0,3.8,2,0,4,1.42,7,3,4,1,1,0,1,1,1.7,5,7,6.9,142.09,12,3
22,1,3.8,5,7,1,5.4,2,0,3,1.25,8,3,3,0,0,0,0,0,1.5,6.4,2,12.9,16.03,8,0
17,0,6.2,4,11,0,6.4,4,0,3,3.16,6,1,2,0,1,0,0,1,1.5,5.9,5,10.2,144.07,5,1
18,0,4.9,6,0,3,6.3,2,2,4,3.45,5,3,3,0,0,0,1,0,0.3,7.8,4,10.3,65.41,6,0
20,1,7,6,20,2,3.7,0,1,1,1.73,5,1,0,1,1,0,1,0,0.5,6.2,5,4.9,99.51,8,2
19,0,6.1,5,9,2,6.6,3,2,2,1.15,1,8,0,0,1,0,1,0,0.1,8.9,3,5.9,96.25,4,1
22,0,6,3,22,0,7,2,2,4,3.24,5,1,0,0,0,0,1,1,1.6,7,4,7,41.72,10,0
19,0,7.8,4,23,1,3.5,2,3,4,3.5,10,4,1,1,0,1,0,0,1.5,5.5,4,7.5,58.16,1,2
19,0,8.2,5,7,3,4.4,0,4,3,3.66,6,3,0,1,1,1,1,1,3.2,5.1,5,7.8,54.27,6,3
25,1,6.6,0,4,1,5.3,2,3,1,2.55,9,5,1,1,1,0,0,1,2.9,6.4,4,9.2,33.83,2,2
16,0,1.9,0,18,2,7.2,3,4,4,3.14,8,6,2,0,0,0,0,0,0.4,8.2,1,12.6,17.48,3,0
19,1,4.8,4,23,0,6.5,1,0,4,2.02,3,8,0,0,0,0,1,0,2,7.9,4,7,111.95,5,0
19,0,7.1,1,8,0,3.3,3,1,0,3.78,4,3,1,1,0,0,1,0,1.8,5.7,3,6.6,117.05,6,1
19,1,2.3,4,11,3,8.3,1,1,2,1.48,7,3,2,0,0,0,0,0,0.1,9.7,1,11.5,13.66,9,0
30,0,3.5,4,10,0,5.1,3,2,3,2.42,3,6,4,0,0,0,0,0,0.4,6.2,3,8.6,45.36,4,0
19,0,6.2,6,0,3,6.4,2,3,2,1.77,1,1,1,0,0,0,0,1,2.4,8.4,3,9.4,36.33,3,0
15,1,6.8,1,8,0,5.3,4,2,2,3.27,10,1,0,0,0,0,0,1,1.7,6.6,3,6.1,125.63,5,0
18,0,3.8,5,9,0,5.2,3,4,4,3.74,3,1,1,0,0,0,0,0,0.9,9.4,2,13,3.71,8,0
21,0,5.3,0,6,1,6.2,1,1,3,2.24,2,5,4,0,0,0,1,0,1.4,7.9,3,8.2,11.59,11,0
23,0,9.4,3,12,0,3.5,3,3,1,3.33,6,6,1,0,1,1,1,0,4.1,6.7,6,3.1,230.02,4,3
30,0,8.3,1,8,0,3.4,1,2,3,1.51,1,2,4,0,1,0,1,0,1.6,7,6,3.1,28.19,1,1
13,0,9.4,0,4,0,5.3,2,2,3,3.66,6,0,2,1,1,0,1,1,0.8,5.7,7,3.6,209.9,1,3
20,1,5.2,2,21,1,5.3,4,3,2,2.76,7,6,2,0,0,0,0,0,1.2,7.2,4,6.5,38.79,2,0
16,0,8.3,5,9,1,5.4,2,0,1,1.8,10,8,0,1,1,1,1,1,3.1,6.9,3,8.1,15.74,4,3
30,0,4.4,6,5,1,6.3,4,2,3,1.28,2,1,1,0,0,0,0,0,1.6,7.5,2,10.4,38.23,11,0
20,0,10.3,4,11,3,5,2,0,1,1.12,4,1,1,1,1,0,0,1,1.9,4.2,6,4.5,420.51,7,3
20,0,9.8,5,9,0,3.6,2,0,2,3.74,4,3,1,1,1,0,0,0,0.6,3.6,8,2.9,362.82,7,3
14,1,12.2,3,17,2,4,4,2,3,3.98,3,0,3,1,0,0,1,1,1.3,2.4,7,0,98.66,2,2
25,0,0.5,6,5,1,7.7,3,4,4,3.02,1,6,4,0,0,0,0,0,0.5,8,1,14.1,34.47,3,0
20,1,5.5,2,3,1,6.3,3,2,1,3.78,8,6,3,0,0,0,1,0,2.5,7.3,3,6,88.16,1,0
24,0,6.8,3,17,3,3.6,0,4,3,3.63,3,3,2,1,1,0,0,0,2.1,4.9,6,6.6,99.36,6,2
27,1,0.6,6,0,2,7.1,1,0,2,2.02,9,8,1,0,0,0,0,0,0.2,8,1,13.6,43.71,12,0
20,1,4.4,0,18,3,6.2,3,3,2,1.76,3,2,3,0,0,0,0,0,1,6.2,2,8.6,40.73,6,0
15,0,6.6,3,22,2,5,2,0,0,3.68,4,5,1,1,1,0,1,0,0.4,7.4,5,6.2,31.87,2,2
26,0,0.8,0,13,1,7.9,4,1,3,1.5,1,6,3,0,0,0,0,0,0.4,9.9,1,15.4,36.55,9,0
18,1,6.5,6,5,0,5.3,1,0,2,1.71,1,1,1,0,0,0,1,0,0.7,7.8,5,9.1,143.92,4,0
26,0,10.4,5,9,3,4.2,3,4,1,2.01,2,1,0,0,0,1,1,0,2.2,6.5,7,2.6,65.47,14,2
18,0,3.2,3,17,1,8.2,4,0,3,2.45,7,6,0,0,0,0,0,0,0.8,10.2,1,13.9,34.09,2,0
23,1,7,6,20,3,3.3,1,3,1,1.12,4,1,0,0,1,0,1,1,0,6.1,5,8.8,134.49,13,1
19,0,2.6,5,19,2,8.7,4,3,4,2.62,7,8,1,0,0,0,0,0,1.1,6.6,2,9.1,27.14,5,0
32,0,7.4,5,9,1,4.7,2,0,1,1.98,3,4,3,0,1,0,1,0,1.8,7.3,5,4.1,110.37,7,1
24,0,4,3,1,1,6.7,2,1,1,1.85,5,3,4,0,0,0,0,0,1.5,9.1,3,12.6,1.34,12,0
33,0,4.3,4,10,3,5.5,3,3,3,3.52,10,2,1,0,0,0,0,0,0.2,6.1,3,9.6,2.87,5,0
26,0,10.7,3,12,1,5.6,2,2,0,2.95,7,5,2,1,0,1,0,0,5.6,4.3,7,0.6,129.73,5,3
19,0,5.3,2,3,1,6.1,4,3,1,1.18,10,5,0,0,0,0,1,0,1.5,6.3,5,6,116.49,6,0
27,1,0.6,5,9,3,9,3,1,5,1.41,10,8,2,0,0,0,0,0,0.2,9.1,1,11.7,36.67,11,0
25,0,5.1,2,21,1,6,1,2,2,2.69,7,0,3,0,0,0,1,0,0.7,9,3,11.5,76.51,10,0
17,0,4.2,6,5,2,6.2,2,2,3,3.36,3,6,2,0,0,0,0,0,0.9,6.7,3,7.6,10.39,3,0
17,1,10.6,6,5,2,3.6,3,1,1,2.62,1,0,2,0,0,0,1,0,1.5,3.6,6,3.8,53.97,3,1
23,1,4.4,2,2,1,7,1,4,2,2.46,9,3,0,0,0,0,0,0,1.1,9.6,3,9.6,22.6,12,0
20,0,5.8,6,0,0,6.8,3,1,3,3.2,2,1,4,0,1,0,1,0,0.9,7.2,4,10.7,131.01,9,1
30,0,8.7,3,12,1,4.6,3,2,2,1.34,5,8,0,1,1,1,0,1,2.4,4.5,5,3.5,189.93,6,3
17,0,4.7,0,4,0,5.9,3,3,3,1.47,10,5,2,0,0,0,0,0,2,8.8,3,10.5,21.16,2,0
19,0,2.1,2,16,3,7.8,4,1,2,2.47,9,2,2,0,0,0,0,0,0.8,8.8,1,10,14.14,1,0
20,1,6.3,4,11,2,6.6,4,1,3,3.3,3,8,1,0,1,0,1,0,1.8,8.5,3,7.6,12.48,5,1
15,0,6.2,3,1,0,6.6,3,1,4,1.34,2,6,3,0,0,0,1,0,1.1,6.5,3,4.9,132.44,4,0
19,1,5,3,17,0,5.4,2,1,3,2.59,9,3,3,0,0,0,1,0,2,8.4,2,8.7,36.55,4,0
19,0,5.5,1,8,3,5.2,2,1,3,3.78,7,3,2,0,1,0,1,1,1.6,7.4,4,6.2,100.99,4,1
21,0,1.7,5,7,0,7.9,4,3,5,1.28,4,0,2,0,0,0,0,0,0.2,9.3,1,10.9,11.94,1,0
23,1,4.6,4,23,1,5.9,4,0,0,3.09,2,0,2,0,0,0,1,0,0.6,7.2,5,11.8,90.9,7,0
18,0,6.5,5,7,2,3.2,1,1,0,2.7,7,2,1,1,0,0,0,0,0.9,7.6,4,4.3,90.46,3,1
19,0,6.6,1,8,0,5.8,1,2,3,3.91,3,0,1,1,0,0,1,1,0.2,8.3,4,5.3,111.93,7,1
22,0,6.6,1,14,3,3.9,2,0,1,1.74,9,3,1,1,0,0,1,1,3.4,7.6,5,6.2,22.27,10,1
26,0,8.7,4,23,2,3.1,2,3,1,2.98,3,3,2,1,1,0,1,1,0.9,7.2,7,1.6,423.75,12,3
20,0,5.8,3,22,2,6.1,2,1,3,3.99,9,5,3,0,0,0,1,1,2.1,8.2,4,7.4,50.13,5,0
17,0,9.9,6,20,1,4.7,2,0,1,1.4,4,8,2,1,0,0,1,1,0.7,6.4,6,3.2,162.18,4,2
15,0,10.4,6,5,1,3.1,1,3,2,3.03,6,5,4,1,0,0,1,1,2.5,4.9,7,3,157.76,2,2
22,1,3.9,2,2,3,6.7,2,2,3,2.05,1,1,2,0,0,0,0,0,1.1,7.6,1,7.5,7.34,1,0
14,1,9.4,1,8,1,4,2,3,0,3.48,2,2,1,1,1,0,1,1,3.3,6.2,5,4.8,497.21,2,3
19,0,4.7,5,19,0,6.3,4,0,3,2.5,3,5,2,0,0,0,1,0,0.1,8.1,2,8.7,123.43,5,0
21,1,8.4,3,17,3,4.8,2,1,5,3.34,9,0,3,1,0,0,1,0,3.1,7.5,4,6.3,21.6,2,1
20,1,2.1,6,20,0,8.5,4,0,4,1.85,8,7,4,0,0,0,0,0,0.4,9.3,1,13,5.6,2,0
18,1,4.1,3,17,0,6.6,2,3,1,3.98,6,0,3,0,0,0,0,0,1,9.6,3,12.5,9.84,3,0
21,0,10.9,1,15,1,4.2,2,1,1,3.19,4,6,2,1,0,1,1,1,4.3,5.2,7,1.6,259.23,1,3
21,1,6.8,3,12,2,3.6,3,2,1,1.49,8,8,1,1,1,0,1,0,0.9,4.7,5,5.7,113.4,1,2
15,0,2.9,6,20,3,8.5,3,0,4,3.68,5,7,0,0,0,0,0,0,0.6,9,2,13.3,34.24,5,0
23,0,7.4,0,4,3,4.3,0,3,2,3.59,8,1,1,1,0,0,0,1,3.7,5.9,2,6.5,65.5,2,1
22,0,6.4,0,13,2,6.5,4,3,5,3.49,2,5,1,0,1,0,0,1,0.1,7.2,3,5.3,138.19,2,1
18,0,6.4,5,9,0,6,2,4,3,2.09,10,8,3,0,0,0,0,0,2.1,8.1,3,7.5,122.38,4,0
19,1,5.9,5,19,3,6.3,3,1,3,3.28,10,6,4,0,0,0,0,1,0.5,8.8,3,10.2,89.49,4,0
18,0,6.5,6,20,3,4.6,2,4,0,3.7,9,2,2,0,1,0,1,0,3.3,8,3,8.7,117.74,8,1
17,0,5.2,2,2,1,6.4,3,3,5,2.22,5,2,2,0,0,0,1,0,0.9,7.8,2,9.1,115.04,4,0
17,1,8.9,3,22,3,5.2,0,4,2,2.43,7,3,4,1,1,1,1,0,0.9,4.7,5,4.6,206.91,6,3
18,0,7.1,6,0,3,4.3,2,3,2,3.79,10,3,4,1,0,0,1,1,0.7,8.1,5,7.2,70.71,6,1
21,1,6.1,0,18,0,5.6,2,4,4,2.35,8,6,4,0,1,0,0,1,0.9,8.2,4,10.7,143.21,6,1
18,0,4.5,4,23,0,5,3,4,3,2.29,8,5,3,0,0,0,0,0,3.4,9.5,1,11.2,2.07,6,0
19,1,6.6,0,6,2,4,2,0,0,3.2,6,6,4,1,1,0,0,1,1,8.1,5,7.8,68.84,7,2
19,1,6.8,3,1,3,5,1,1,0,1.87,7,2,1,1,1,0,0,1,1.1,5.2,4,7.6,20.72,3,2
18,0,5.2,1,8,3,5.7,3,0,4,3.09,10,3,2,0,0,0,0,0,0,7.6,4,11.4,67.5,5,0
19,1,5.2,1,8,2,5.1,1,3,0,1.45,6,6,2,0,0,0,1,0,1.7,6.9,2,10.8,148.41,9,0
22,1,3.8,2,2,2,6,3,2,2,3.83,4,2,1,0,0,0,0,0,1,6.7,1,10.6,48.79,8,0
14,1,5.8,6,20,0,5.9,2,3,3,2.4,4,5,2,0,0,0,0,1,2.7,8.5,5,9.4,86.15,4,0
26,0,7.4,1,15,3,4.1,2,2,2,3.26,7,8,4,1,1,0,1,1,1.8,8.4,3,8.5,61.67,16,2
19,0,9.3,2,16,1,3,2,4,1,1.42,8,0,2,0,0,0,1,1,4.5,7.2,5,2.4,232.19,8,1
19,1,5.9,3,17,1,6.4,3,1,2,2.47,7,5,3,0,1,0,1,0,0.9,5.3,5,6.5,120.38,7,1
26,1,13.9,0,6,2,4.5,2,3,1,2.07,5,3,2,1,1,0,1,0,2.9,4.9,10,0,247.18,13,3
19,0,5.8,0,13,3,5.7,3,4,3,2.61,5,1,2,0,1,0,1,1,0.5,6.5,4,5,96.56,5,1
13,0,6.4,4,23,1,5.5,4,2,3,3.75,8,3,3,0,1,0,0,1,0.3,5.3,4,5.1,65.67,2,1
21,0,12.6,6,20,3,5.7,1,1,2,3.67,1,1,1,1,0,0,1,1,1.9,4.1,9,0,242.51,10,2
23,0,8.9,6,20,1,3.5,2,4,1,2.73,1,1,0,0,0,1,0,1,0,6.7,5,6.7,277.78,3,2
26,1,8.2,6,5,2,3.9,2,3,3,1.25,1,6,1,1,0,0,0,1,2.9,5.2,5,5.5,44.07,10,1
20,0,7.7,1,14,3,4.7,1,4,0,2.46,7,5,3,0,1,1,1,0,2.5,4.9,3,3,65.22,2,2
21,1,1.2,1,8,3,7.2,4,0,5,3.52,5,6,1,0,0,0,0,0,0.3,11.2,1,15.2,41.12,10,0
19,0,4.6,6,5,2,5.9,3,4,4,2.32,9,8,0,0,0,0,1,0,2.4,6.3,3,7.6,18.38,6,0
23,0,6.4,4,23,0,6.7,2,2,1,2.99,4,3,2,0,0,0,1,1,2.7,5.5,3,7.9,22.81,7,0
15,0,10,3,12,0,3.8,1,3,3,1.3,3,1,1,1,1,0,1,1,3.2,5.7,5,5.9,226.85,5,3
20,0,13.3,4,11,2,5,2,0,1,1.11,2,3,4,1,0,0,1,1,2.8,3.8,8,0.6,434.02,4,2
18,0,10.4,5,9,3,4.7,1,3,2,3.15,10,1,0,1,0,1,1,1,0.3,6,8,0.1,246.69,8,3
31,1,3.6,1,14,3,6.3,4,1,3,3.01,2,0,0,0,0,0,0,0,0.3,8.2,1,12.4,23.15,5,0
17,1,1.6,3,17,2,8.3,4,1,5,1.48,6,1,4,0,0,0,0,0,0.1,7.1,1,11.9,7.58,6,0
35,1,3.1,3,22,3,7.1,3,2,3,2.83,8,7,1,0,0,0,0,0,1.1,7.1,2,9.1,45.22,15,0
22,1,6,5,7,2,6.4,2,1,1,2.99,9,6,2,0,1,0,1,0,2.5,6.1,3,5.5,109.8,8,1
25,1,10.3,3,1,2,4.8,2,0,3,3.75,3,8,0,1,1,1,0,1,0.7,3.5,6,5.8,348.04,7,3
16,0,4.8,2,3,0,6.8,3,2,2,2.17,1,6,4,0,0,0,0,0,2,6.5,5,11.4,101.85,4,0
19,1,4.6,2,2,0,6.5,4,0,3,2.46,1,1,3,0,0,0,1,0,1.8,8.5,5,9.5,83.38,5,0
18,1,7.3,0,6,3,5.8,2,4,4,2.13,10,1,1,0,1,0,0,1,3.6,6.6,4,7.4,31.02,5,1
17,0,7.5,2,21,0,5,2,1,1,1.24,4,5,1,0,1,0,1,0,1.1,6.9,2,6.7,135.83,2,1
17,0,6.2,1,14,1,5.5,4,0,2,1.68,6,0,0,0,0,0,0,1,1.7,7.6,4,9,145.5,3,0
16,0,8.3,1,8,2,5.5,2,2,1,2.24,2,1,3,0,1,1,1,1,2,6.9,4,8,14.14,1,2
31,1,7.7,5,9,1,3.4,2,1,2,2.81,8,1,2,1,1,1,1,0,2.8,6.4,5,3.2,38.14,1,3
16,0,4,4,23,1,6.4,4,0,5,2.79,7,8,3,0,0,0,0,0,1.7,6.5,3,10,37.75,5,0
19,0,1.3,6,0,0,8.2,3,0,5,2.8,2,4,3,0,0,0,0,0,0.1,9.4,1,15.9,18.98,5,0
23,0,8.6,0,18,1,5.7,2,0,3,2.89,5,2,0,1,0,1,1,0,4.9,7.2,5,3.4,96.61,9,3
21,2,5.2,4,23,3,6.9,3,4,2,1.46,6,5,0,0,0,0,1,0,0.3,7,3,8.7,144.76,2,0
16,1,4.7,1,15,1,5.7,3,1,1,1.93,5,3,1,0,0,0,1,0,0.9,9.3,3,10.1,36.45,1,0
20,0,7.3,4,10,1,3.1,1,2,1,3.71,6,3,4,0,1,0,1,0,0.7,5.5,4,4.9,30.38,2,1
17,1,10.2,1,14,3,5.3,4,2,1,3.91,7,5,1,0,1,1,0,0,3,3.6,5,2.3,263.64,1,3
29,0,4.2,2,3,2,6.6,4,3,4,2.76,3,0,0,0,0,0,0,0,0.7,8.6,1,7.5,28.17,8,0
22,0,2.5,1,14,0,7.4,4,0,5,1.17,1,8,3,0,0,0,0,0,2,10.4,3,12.8,40.43,12,0
26,1,5.1,4,23,3,5.9,1,4,3,2.05,6,6,4,0,0,0,1,0,0.4,6.9,2,7.1,33.99,8,0
29,0,6,0,13,0,6.5,4,0,2,1.5,1,8,3,0,0,0,1,0,0.5,6,1,5.8,109.61,16,0
22,0,5,0,13,2,5.8,3,0,3,3.16,4,5,1,0,0,0,0,0,0.1,6,4,9,89.73,5,0
20,1,3.9,0,4,2,5.3,4,1,3,3.17,7,0,3,0,0,0,0,0,0.4,7.4,2,10.8,49.48,7,0
20,0,4.5,2,2,0,5.8,3,3,5,3.73,9,6,4,0,0,0,1,0,0.8,7.2,5,6.3,135.01,6,0
18,0,3.8,0,6,3,5.2,3,3,3,3.04,2,5,4,0,0,0,0,0,1.1,9.9,2,8,21.62,6,0
17,0,7.8,0,18,3,5.7,0,0,2,2.53,5,6,3,1,0,1,1,1,0.9,6.2,6,4.5,147.2,4,2
20,0,5.3,2,16,3,6.9,3,0,4,3.49,5,6,2,0,0,0,1,0,1.7,5.6,3,9.6,97.04,7,0
23,0,4.6,1,14,1,5.4,3,0,4,3.78,5,5,0,0,0,0,1,0,6.5,9,4,9.7,74.83,7,0
22,0,3.7,3,17,0,5.3,4,4,3,2.31,9,1,2,0,0,0,0,0,2.5,7.1,1,12.2,13.27,2,0
17,1,3.9,3,12,0,6,3,0,4,1.67,10,5,4,0,0,0,0,0,0.1,6.1,2,12.5,34.03,7,0
32,1,1,2,2,3,7.4,4,2,2,1.13,9,6,4,0,0,0,0,0,0.2,8,1,14.3,49.46,3,0
18,1,4.6,6,20,1,6.9,3,2,3,1.05,9,2,0,0,0,0,0,0,0.4,8.2,2,6.2,100.04,2,0
17,1,5.8,3,17,0,6.4,3,4,4,3.6,1,2,3,0,0,0,1,0,3.6,6.4,4,7,87.25,5,0
14,0,11.4,2,3,1,4.8,1,2,0,2.61,5,8,4,0,1,0,1,1,5.3,3.2,6,3.2,237.13,3,2
17,0,2.5,2,16,3,8.4,3,1,5,2.61,4,6,3,0,0,0,0,0,0.5,8.7,1,9.9,14.02,6,0
25,1,5.2,3,12,3,6,3,4,5,2.28,4,2,0,0,0,0,1,0,1.5,8.1,3,10.4,54.39,1,0
18,0,8.1,0,13,1,4.2,2,4,2,3.21,5,2,4,1,1,0,0,0,0.8,4.8,4,6.1,67.44,6,2
18,1,1.6,5,9,3,7,4,3,3,3.63,4,6,3,0,0,0,0,0,0.1,9.5,1,13,9.19,8,0
19,1,2.1,4,10,0,8.9,4,4,4,1.32,10,6,1,0,0,0,0,0,0.1,7.6,2,14.5,33.11,5,0
21,0,9.1,6,0,1,5.3,1,0,1,1.88,4,1,4,0,1,1,1,1,1.5,3.8,4,7.1,493.27,11,3
20,1,4.1,1,15,0,6.9,2,4,5,2.52,4,8,3,0,0,0,0,0,0,8.5,2,7.8,38.82,2,0
15,1,9.5,4,11,1,3.8,1,1,2,3.53,10,2,1,0,1,1,1,1,1.5,3.7,5,5.8,229.59,1,3
21,0,5,6,0,0,6.6,4,1,4,1.65,8,0,0,0,0,0,0,0,1.4,8.8,3,6.8,25.71,1,0
15,0,3.7,1,14,0,6.6,1,1,4,1.51,1,5,3,0,0,0,0,0,0.2,7.1,2,10.3,19.24,1,0
20,1,6.2,0,6,2,5.3,2,3,4,1.95,10,8,2,0,1,0,1,1,1.1,8.4,4,7.8,47.33,3,1
26,0,5.4,5,9,2,5.7,2,1,3,3.18,2,5,3,0,0,0,0,0,0.6,9.1,3,11.4,118.39,12,0
15,0,6.8,1,8,0,4.5,2,3,1,1.93,8,3,3,0,0,0,1,0,1.4,6.3,4,8.5,25.24,5,0
20,0,4.1,6,0,1,5.3,3,1,3,1.04,2,2,4,0,0,0,0,0,2,7.2,1,9.1,39.06,3,0
30,0,5.9,0,18,0,5.3,4,4,3,3.68,1,3,0,0,0,0,1,0,0.3,6.1,4,9.5,32.6,8,0
16,0,8.5,3,12,3,3.3,2,0,3,1.52,9,2,2,0,0,1,1,1,0.9,5.8,5,7.4,97.89,3,1
21,0,7.7,5,9,0,3.3,1,3,2,2.28,9,1,3,1,1,0,1,1,1.2,4.4,5,3.3,93.4,8,2
16,0,6,5,9,0,6.6,4,1,3,3.61,9,5,2,0,0,0,1,1,1.6,6,3,8.7,35.94,4,0
21,0,5.5,4,11,2,5.5,4,4,1,1.07,3,5,2,0,1,0,1,0,2.4,6.7,3,7.8,96.1,2,1
21,1,6,4,23,3,5.3,2,0,4,1.82,1,2,0,0,1,0,1,0,0.9,7.3,5,5,27.43,7,1
25,1,12.5,1,15,3,3.5,3,0,0,3.28,6,5,4,1,0,0,1,0,1.1,3.8,10,0,120.1,1,2
14,1,11.7,4,10,1,4.3,2,2,0,3.22,10,0,0,0,1,1,1,1,1.5,2.5,7,0,339.9,4,3
18,0,5.7,6,20,3,6.9,3,4,2,1.87,7,3,2,0,1,0,1,1,0.7,7.1,4,6.4,30.5,4,1
17,1,6,1,8,1,5.2,1,2,3,1.28,2,5,4,0,1,0,1,1,1,5.5,2,7.4,32.23,2,1
14,0,2.9,1,15,3,8.8,2,2,4,3.59,9,6,4,0,0,0,0,0,1,8.9,1,11.7,36.59,4,0
14,0,9.7,0,4,1,3.6,1,1,1,3.53,2,3,2,0,0,0,1,1,1.4,5.4,6,2.8,302.88,3,1
16,0,1.9,5,9,2,7.5,4,1,5,3.01,10,6,2,0,0,0,0,0,0.1,7,1,11.5,28.1,6,0
27,1,0.7,4,11,3,8.4,2,4,4,1.96,10,8,4,0,0,0,0,0,0.3,8.3,1,16.5,16.4,12,0
14,0,5.5,3,22,3,5.4,3,1,3,2.44,3,1,0,0,1,0,1,0,2.4,7,4,7.5,57.54,2,1
26,0,1,5,7,3,8.9,4,2,4,1.42,8,6,0,0,0,0,0,0,0.3,8.3,1,13.8,1.31,8,0
20,0,9.3,1,8,1,5.3,0,4,1,1.8,10,5,3,1,1,1,1,0,4.1,5.9,6,1.9,323.47,1,3
30,0,11.6,4,10,0,4.5,0,2,3,2.14,3,1,4,1,1,0,1,0,5.4,2.6,7,2.5,317.18,10,3
21,1,4.8,1,8,1,5.1,2,2,4,1.4,4,8,4,0,0,0,1,0,2.5,9,3,8.2,46.29,4,0
25,0,1.1,4,10,1,8,4,0,5,3.3,6,7,2,0,0,0,0,0,0.2,7.7,1,12.2,47.51,4,0
19,0,4,4,23,3,6.7,3,2,3,2.89,10,1,4,0,0,0,0,0,0.2,7,2,10.5,8.23,7,0
23,0,4,2,21,3,5.6,2,0,4,3.75,5,8,2,0,0,0,0,0,1.6,7.1,2,12.3,41.19,7,0
17,1,7.3,1,14,0,3.4,1,0,3,3.36,7,5,1,1,1,0,1,1,1.5,5.5,2,4.6,95.15,7,2
22,1,9.9,5,19,3,3.7,2,2,2,1.67,6,3,2,1,0,1,1,1,0.6,4.6,6,5.9,426.59,6,3
24,0,2.1,1,15,0,9,3,3,4,1.02,10,3,2,0,0,0,0,0,0.5,7.4,1,12,48.98,9,0
22,0,1.8,5,7,1,7.5,3,0,4,3.3,10,6,3,0,0,0,0,0,0.1,9.4,1,15,15.91,7,0
22,0,8.1,2,3,1,5.5,3,0,2,3.18,4,2,0,0,1,0,1,1,1,4.8,5,5.8,121.33,10,1
15,0,11.2,3,12,2,3.9,2,0,2,3.62,4,5,0,1,1,1,1,1,1.1,3.6,6,1.1,352.98,5,3
21,0,11.6,4,11,3,5.4,1,4,1,2.57,3,1,0,1,0,0,0,0,3.5,3.8,10,0,426.48,3,2
30,0,12.4,6,5,2,5.3,1,1,3,2.58,4,5,2,1,1,0,0,1,2.1,4.7,9,0,238.32,3,3
14,1,3.9,4,11,1,5.2,2,1,4,3.55,7,1,0,0,0,0,0,0,1.3,9.3,5,8,38.56,2,0
16,1,5.5,3,17,1,6.6,2,0,3,3.16,3,0,4,0,1,0,1,1,2.4,7.3,3,5.3,128.87,4,1
28,0,0.9,3,12,1,8.4,4,1,3,1.29,2,8,3,0,0,0,0,0,0.6,7.9,1,12,7.57,8,0
20,1,5.7,3,12,3,5.5,4,4,4,1.53,5,2,1,0,0,0,0,1,1.9,5.4,5,4.9,75.19,8,0
24,0,14.1,3,12,1,3.9,0,3,2,3.59,2,1,3,1,1,1,1,1,2.2,4.8,10,0,394.74,14,3
19,1,5.8,1,14,0,6.8,4,0,3,2.43,6,8,4,0,1,0,0,0,2.6,6.9,4,10.4,70.73,2,1
20,0,6,2,2,2,6.5,1,3,2,3.43,9,2,1,0,1,0,1,0,1.2,6.4,5,10.7,95.85,10,1
20,1,3.8,3,17,2,6,3,2,5,3.16,2,3,3,0,0,0,0,0,2.2,9.2,4,8.7,9.48,1,0
16,0,7.9,4,23,0,5.1,3,3,3,3.47,9,3,1,0,1,0,0,1,3,7.8,5,5.5,136.26,4,1
27,0,9.1,4,11,0,5.9,1,0,0,2.5,8,1,1,1,0,0,1,1,0.2,6.4,6,5.1,224.46,5,2
22,0,9.5,3,12,0,3.7,3,4,3,1.14,4,2,1,0,1,0,1,1,2.2,5.7,6,3.3,207.65,4,2
20,0,5.9,3,17,1,6.7,4,4,3,2.14,8,5,3,0,0,0,0,1,0.3,5.4,3,10.7,131.7,6,0
20,1,7.1,3,12,2,4.7,2,2,2,1.02,3,3,2,1,1,0,1,1,3.6,5.5,3,5,142.02,3,2
18,0,9.6,3,1,1,3.7,1,4,1,3.97,10,5,1,0,0,0,1,1,6.7,5.6,6,2.3,82.52,4,1
23,1,4.1,5,19,3,5.6,2,1,2,3.3,1,6,1,0,0,0,0,0,2.5,6.6,2,11.9,34.53,8,0
19,0,7.5,5,19,0,3.3,0,2,3,1.78,4,0,4,0,0,0,0,0,1,8,5,7.3,70.7,5,0
14,0,3.5,4,10,1,7.9,2,0,4,2.45,10,5,1,0,0,0,0,0,1.1,7.9,3,11.2,10.74,2,0
27,1,0.8,5,7,1,8.2,4,3,4,3.65,6,1,3,0,0,0,0,0,0.2,10.5,1,14.3,27.33,17,0
18,1,9.4,4,10,3,3.6,1,1,2,3.04,7,3,4,0,0,1,0,0,4.7,7.1,4,5.3,470.19,2,2
21,0,5.5,2,21,1,6.3,3,2,2,3.86,4,3,3,0,0,0,1,0,1.6,9.1,3,6,91.49,11,0
18,0,4.6,2,16,0,6.8,4,4,1,3.77,8,2,2,0,0,0,1,0,2.4,8.5,2,7.1,96.69,7,0
18,0,3.5,2,16,1,8.4,4,0,4,3.76,1,7,1,0,0,0,0,0,1,10,1,12.8,38.67,6,0
19,0,5.7,3,22,0,6.4,4,4,2,2.06,7,8,4,0,1,0,1,1,4.3,6.6,6,10,89.3,6,1
22,0,1,6,0,2,8,3,2,4,3.87,9,1,4,0,0,0,0,0,0.1,11.3,1,14.9,7.33,6,0
19,1,6.7,0,18,2,3.1,3,0,2,2.79,9,8,0,0,0,0,0,1,1.2,8.2,2,5,103.77,5,0
14,0,2.1,1,8,2,7.3,3,2,5,3.63,4,6,4,0,0,0,0,0,0.5,8.2,3,12.1,41.89,3,0
24,1,3.7,6,5,3,6.1,4,3,4,2.07,1,5,0,0,0,0,0,0,2.1,6.1,3,10.8,7.4,3,0
15,0,11.2,6,20,1,3.4,1,2,2,2.41,9,3,0,1,0,0,0,0,3,4.6,8,0.6,436.35,5,2
17,0,6.3,3,22,1,6.2,2,3,3,2.2,4,6,1,0,1,0,0,1,0.1,7.1,4,9.9,85.83,3,1
20,0,12.2,3,1,2,5.3,1,1,2,3.3,9,3,4,1,0,0,1,1,1.2,4.1,7,0.5,343.9,8,2
20,0,5.4,4,11,3,5.9,1,3,1,1.63,10,1,0,0,0,0,1,0,0.2,6.9,3,9.9,114.75,9,0
16,0,7.8,1,15,3,3.1,3,0,4,1.33,1,3,3,1,0,1,1,1,0.5,4.5,5,6,50.64,2,2
21,0,3.1,0,6,2,8.7,2,3,3,3.87,1,6,4,0,0,0,0,0,0.5,7,1,11.2,1.5,8,0
24,0,8.2,6,20,1,3.6,3,2,1,3.18,10,2,1,0,0,1,1,1,2.1,4.1,6,5.9,29,2,1
20,0,6.6,4,11,2,4.9,2,4,2,2.86,1,6,1,1,1,0,1,0,2.5,6.8,5,6.9,35.07,6,2
21,1,9.1,1,14,3,4.7,2,0,1,3.33,5,1,3,0,0,1,0,1,0.3,4.3,6,4.1,479.29,7,2
17,0,4.6,2,21,1,6.2,4,2,3,1.61,10,5,0,0,0,0,0,0,2.5,9.1,6,8.6,40.53,4,0
19,0,7.3,6,5,2,3.2,3,1,1,3.31,3,1,4,1,1,0,1,1,1.4,5.3,4,7.1,84.52,4,2
16,0,1.7,2,21,1,8.2,2,2,5,3.03,3,7,1,0,0,0,0,0,0.8,7.6,1,9.7,12.32,4,0
18,0,4.3,2,16,2,6.9,3,2,2,3.2,4,8,2,0,0,0,0,0,0,9.5,4,9,32.71,5,0
21,0,1.3,2,16,1,8.5,3,3,3,3.92,8,7,0,0,0,0,0,0,0.1,9.2,1,12.2,44.99,11,0
25,0,10.4,4,23,2,4.3,3,3,1,3.34,3,5,2,1,1,0,1,0,5,6.4,5,0.6,61.9,11,3
20,1,10.1,1,8,3,5.7,1,4,2,2.09,1,0,3,1,1,1,1,1,8.9,3.6,8,5.2,350.42,6,3
20,1,5.8,0,13,2,6.3,1,1,3,1.63,3,8,4,0,0,0,0,0,2.4,8.8,5,7.8,124.29,7,0
18,0,2.5,0,6,3,8.9,4,3,3,1.57,8,6,4,0,0,0,0,0,0.5,10.4,1,12.3,30.97,5,0
18,0,2.6,4,11,3,8.8,4,0,5,2.58,3,6,0,0,0,0,0,0,0.2,10.1,2,12.4,26.71,7,0
19,0,10.2,1,14,0,3.3,1,1,0,3.44,10,8,4,1,0,0,0,0,0.8,6.9,7,3,207.43,1,2
14,0,5.8,2,2,2,6.2,3,0,1,2.69,2,5,0,0,1,0,1,1,0.4,7.1,4,9.4,88.33,1,1
17,1,1.9,4,11,0,7.1,4,4,3,1.78,6,4,1,0,0,0,0,0,0.1,10.9,1,11.5,23.78,6,0
18,0,8,5,9,0,5,2,0,1,3.81,10,2,1,0,1,1,1,1,0.1,7.7,5,5.3,85.28,4,2
18,0,3.4,4,10,1,7.4,2,0,3,2.15,8,6,4,0,0,0,0,0,0.3,9,1,9.6,30.22,4,0
24,0,1.2,6,0,0,7.6,3,3,3,2.07,1,3,2,0,0,0,0,0,0.3,8.6,1,14.2,32.34,10,0
19,0,4.3,4,10,0,6.3,4,1,2,2.46,10,5,2,0,0,0,0,0,0.7,9.2,3,11.9,43.72,4,0
18,0,10.7,3,1,3,5.3,3,0,2,3.11,7,0,2,1,1,1,1,1,4.8,4.3,7,4.3,115.6,1,3
27,0,3.3,3,17,2,8.9,2,3,2,3.56,6,1,2,0,0,0,0,0,0.4,9.3,3,9,11.66,15,0
31,0,10.4,6,5,2,3.2,2,2,3,2.91,10,6,3,0,1,1,0,0,4.1,7,7,1.8,339.48,7,3
22,1,6.7,0,4,0,4.6,2,1,1,1.18,5,2,2,1,1,0,1,1,1.4,6.5,5,6.5,37,4,2
16,0,6.3,4,10,3,5.1,2,2,5,1.91,7,3,4,0,0,0,0,0,0.8,7.7,3,4.8,33.58,4,0
19,0,6.2,4,23,3,6.7,3,3,3,3.56,6,0,1,0,1,0,1,0,3.6,5.9,3,7.4,138.86,6,1
22,0,3.2,4,23,1,8.7,2,2,3,3.82,6,4,2,0,0,0,0,0,0.6,8.4,4,8.7,42.64,3,0
24,0,7.1,2,3,2,3.8,4,0,2,3.18,8,0,4,1,1,0,0,0,2.2,6,5,4.9,96.9,13,2
18,0,8.4,1,8,3,5.2,2,1,1,3.2,8,5,2,0,0,0,1,1,0.7,4.7,5,7.2,73.02,1,0
21,1,7.2,3,12,0,5.9,3,0,5,1.41,2,3,2,1,0,0,1,1,0.6,6.2,4,5,99.01,9,1
19,0,9.5,6,0,1,3.2,2,4,5,1.94,5,3,4,1,1,1,1,0,0.6,4.6,6,2.4,90.31,6,3
19,0,6,0,18,2,5.3,3,1,3,1.42,9,5,4,0,0,0,0,0,3.5,5.4,4,10.2,35.25,6,0
19,1,2.3,1,15,2,8.9,4,3,4,3.61,10,6,0,0,0,0,0,0,0.6,9.8,2,14.5,39.46,5,0
27,0,4.2,6,0,0,5.9,4,4,5,2.21,2,8,2,0,0,0,0,0,1.3,8.9,3,12.6,18.36,5,0
19,1,4.6,5,7,2,6.1,4,4,3,3.24,2,2,1,0,0,0,1,0,1.3,7.3,5,11.3,70.56,5,0
19,0,4.8,6,0,2,7,2,3,1,2.78,1,8,4,0,0,0,1,0,3.2,8.1,2,8.6,97.99,6,0
20,0,11.7,0,18,2,5.5,1,4,3,2.69,7,8,4,1,1,1,1,0,0.1,5.4,7,0.2,360.29,3,3
26,0,2.5,1,8,0,7.6,4,4,4,1.78,4,1,4,0,0,0,0,0,0.5,8.8,1,13.5,0.43,11,0
33,0,5.2,1,15,2,5.3,4,1,5,2.17,10,3,2,0,0,0,1,0,0.7,8.2,2,9.2,102.88,19,0
19,0,4.6,1,15,1,5.4,3,1,3,1.85,9,5,0,0,0,0,0,0,0.2,5.5,1,11.2,37.92,7,0
18,0,4,1,15,1,5.8,2,4,5,3.29,9,6,2,0,0,0,0,0,0.1,8.7,3,13.2,26.29,4,0
20,1,1.7,0,6,2,8.7,4,1,5,3.88,7,6,4,0,0,0,0,0,0.1,7.6,1,10.4,2.01,3,0
16,0,7.6,2,21,3,3.3,0,4,1,1.73,3,4,4,1,0,0,0,1,4.6,6.9,3,4.1,42.16,1,1
22,0,4.5,4,11,3,6.9,2,2,2,1.54,10,8,2,0,0,0,1,0,2.7,7.1,2,11.8,92.49,8,0
23,2,4.6,4,23,3,6.3,3,3,2,1.91,6,6,0,0,0,0,0,0,0.8,6.8,4,10.9,134.52,11,0
18,0,2.3,6,5,2,7.3,4,2,3,1.63,9,6,1,0,0,0,0,0,0.4,9.8,1,13.1,35.89,2,0
25,1,5.3,1,15,3,6,2,0,2,3.34,3,0,4,0,0,0,1,0,0.6,8.8,2,6.3,123.9,6,0
20,0,8,1,8,1,5.8,2,1,2,2.75,6,8,3,1,1,1,0,1,1.2,4.7,5,6.2,42.42,3,3
13,0,2.3,1,14,3,8.2,3,4,2,2.99,9,6,2,0,0,0,0,0,0.1,10.6,1,10.7,13.49,1,0
34,0,3.9,1,8,0,5.1,3,2,5,3.18,2,3,2,0,0,0,0,0,0.1,6.5,2,8.8,23.55,17,0
28,1,7.8,3,22,3,4.7,3,1,1,3.11,1,1,1,1,1,1,1,1,0.8,4,6,2.7,88.65,14,3
17,0,8.4,4,23,2,3.4,2,4,3,3.69,1,2,2,1,0,1,0,0,2.7,7.9,3,2.7,76.72,1,2
20,0,5.3,6,5,1,5.5,1,2,1,2.34,6,3,2,0,0,0,1,0,1.3,8.5,4,8.7,140.81,5,0
23,0,3.5,3,22,1,6.9,1,3,2,1.21,2,5,3,0,0,0,0,0,0.4,9.4,3,12.1,11.59,2,0
23,0,4.3,5,9,0,5.5,2,3,3,2.13,1,0,3,0,0,0,0,0,2.4,6.4,1,12.6,6.68,6,0
21,0,6.5,5,19,3,5.7,2,2,0,1.76,7,1,2,1,1,0,1,1,1,6.2,4,5.4,132.29,4,2
19,1,1.3,5,19,2,9,4,0,5,3.45,10,7,2,0,0,0,0,0,0.1,11.3,1,11.5,25.35,5,0
17,1,7.1,3,22,0,5.2,1,2,2,3.36,10,3,3,1,0,0,0,1,2.8,4.5,5,9.2,86.64,5,1
21,1,2.7,0,6,2,8.2,4,4,5,3.63,9,6,3,0,0,0,0,0,0.4,10,2,13.2,34.35,3,0
21,0,5.9,6,20,2,5.1,2,2,1,2.78,7,6,0,0,0,0,1,1,2.2,5.7,2,6.4,57.6,8,0
18,1,6.4,3,12,3,6.2,1,3,2,1.23,5,1,4,0,1,0,1,1,0.9,5.9,4,10.7,34.21,4,1
17,1,8.3,2,3,2,3.7,2,3,4,3.97,2,2,1,1,1,1,1,1,0.2,4,6,6.7,40.05,5,3
18,0,9.5,5,7,2,4.6,2,4,3,3.66,7,1,1,0,0,0,1,1,0.5,7,4,3.8,327.63,3,1
17,1,7.8,5,19,3,5.7,2,0,3,2.75,4,2,1,1,1,0,1,0,2.2,5.5,4,5.7,80.16,4,2
21,0,8.3,4,10,0,3.8,3,3,1,1.36,4,2,0,1,1,1,0,0,2.8,7.9,5,4.9,76.85,7,3
16,0,1,5,19,1,7.4,4,3,5,2.61,9,7,1,0,0,0,0,0,0.2,7.6,1,13.7,4.9,6,0
19,1,8.4,5,19,0,3.8,2,2,1,1.69,7,5,3,0,1,0,1,1,1.9,5.4,6,2.6,94.45,9,1
16,0,6.9,4,10,1,4.7,2,4,2,2.13,8,2,4,0,0,0,0,1,0.2,8.2,4,8.4,11.92,2,0
24,1,8.4,3,12,2,5.2,1,1,1,3.78,4,3,1,1,1,0,0,1,0.7,5.5,5,4.5,144.35,14,2
22,0,1.7,4,10,3,7.1,4,2,3,1.77,7,6,1,0,0,0,0,0,0.1,7.6,1,11.1,42.67,11,0
18,1,6.3,4,23,0,5.2,3,1,4,1.96,2,7,4,0,1,0,1,1,1.8,6.5,3,7.4,29.37,3,1
20,0,5.8,5,9,1,5.4,4,0,2,1.5,3,8,2,0,0,0,1,0,0.2,5.1,4,8.3,125.21,4,0
17,1,1.5,4,10,0,9,4,4,4,3.35,10,5,2,0,0,0,0,0,0.3,8,1,12.2,4.91,2,0
21,0,8.6,6,20,0,5,3,2,2,2.71,3,1,4,1,0,1,1,1,4,6,5,1.6,314.32,1,3
21,1,6.5,4,23,1,6.9,3,0,2,1.4,9,3,3,0,1,0,1,1,1.3,5.9,3,9.9,119.21,2,1
27,1,3.9,1,15,1,5.6,3,1,2,3.25,2,1,0,0,0,0,0,0,1.1,8.8,2,10.7,37.27,15,0
22,0,6,0,4,0,7,3,0,3,3.21,7,0,4,0,1,0,1,0,3.1,8.3,4,8,114.69,3,1
16,1,9.3,6,5,1,4.7,2,3,2,3.22,5,6,4,0,1,1,1,0,3,6.9,5,6.7,69.4,6,3
19,0,7.5,5,7,2,3.2,2,2,0,1.89,1,0,1,1,1,1,1,1,0.9,6.9,7,6,128.77,4,3
21,1,5.8,3,12,3,5.3,3,3,3,3.36,3,8,0,0,0,0,0,1,0.8,6.9,4,7.4,88.08,7,0
20,0,1.1,5,9,0,8.4,2,1,5,2.65,10,6,1,0,0,0,0,0,0.2,9.4,1,15.4,44.51,7,0
16,0,4.2,6,5,2,5.8,4,4,2,2.21,10,0,4,0,0,0,0,0,1.3,6.6,2,12,34.04,2,0
14,1,7.4,6,5,3,3.4,1,4,2,2.18,8,4,3,0,1,0,1,1,0,7.1,4,8.7,87.18,3,1
21,0,4.8,0,4,0,6.9,3,3,2,2.28,5,8,4,0,0,0,1,0,1,6.4,4,6.4,29.12,10,0
19,0,7.4,1,14,3,5.8,1,0,4,3.54,5,5,1,1,0,0,1,1,3.2,7.1,5,6.6,130.69,6,1
22,1,11.4,3,22,1,4.3,2,0,1,1.95,5,5,4,1,1,0,0,1,2.1,4.5,6,3.7,90.88,11,3
15,0,13.2,5,7,1,4.2,0,1,1,3.63,5,3,1,1,0,0,0,0,6.5,5.5,8,0,475.36,2,2
16,0,4.6,4,23,2,6.5,3,4,4,1.25,9,8,4,0,0,0,1,0,0.8,6.5,5,6,70.11,5,0
17,0,8.7,3,17,2,4.7,2,3,3,3.48,6,7,0,0,0,0,1,0,1.9,6.6,6,1.8,119.98,3,1
26,1,4.8,3,1,1,6.7,4,2,2,2.8,2,1,1,0,0,0,1,0,2.7,8.1,3,9.3,75.94,13,0
20,0,6.4,2,3,2,5.4,2,0,3,1.28,6,6,0,0,0,0,1,1,3.9,5.9,2,7.2,80.75,6,0
20,0,5.4,4,11,3,6,2,4,5,2.81,6,6,2,0,0,0,1,0,1.1,6.7,3,10.2,98.4,4,0
19,0,2.6,3,17,3,8.6,3,4,1,2.48,1,1,4,0,0,0,0,0,0.9,8.2,2,11.2,19.48,7,0
17,0,1.3,1,15,0,8.4,4,1,3,3.15,6,6,0,0,0,0,0,0,0.2,11.1,1,16.1,1.18,5,0
18,1,3.7,2,16,1,5,2,3,2,3.55,5,8,2,0,0,0,0,0,2,9.4,2,11.5,46.28,6,0
18,1,4.7,3,22,3,6,4,4,3,2.82,2,5,3,0,0,0,1,0,0.1,6.6,2,6.6,127.9,4,0
24,0,8.4,4,11,1,4.2,0,3,0,2.43,8,1,0,0,0,1,1,1,1.8,5.5,4,7.8,111.33,7,1
30,0,7.2,1,15,3,4,2,2,2,2.15,3,3,2,1,1,0,0,1,1.8,6.3,5,6.3,74.44,12,2
21,0,6.4,0,18,1,5.6,4,0,5,2.43,5,5,3,0,1,0,1,1,1.2,7.6,4,8.9,112.63,4,1
15,0,2.6,0,13,1,7.8,4,4,4,2.19,6,6,1,0,0,0,0,0,0.7,6.6,1,9.7,32.91,3,0
27,0,3.4,2,16,1,8.4,4,0,5,1.5,2,6,2,0,0,0,0,0,1.1,8.5,1,12.2,29.73,12,0
15,1,7,0,6,1,4.7,2,3,1,3.52,9,1,4,0,0,0,1,0,0.8,5.9,6,7.6,54.93,5,0
27,1,1.6,2,3,1,7.5,3,0,3,2.71,9,6,0,0,0,0,0,0,0.2,9,2,15.5,24.49,11,0
19,0,7.7,1,8,1,3.5,1,2,3,1.1,6,3,3,0,1,0,1,0,3.6,7.8,6,6,33.95,6,1
20,0,4.8,1,8,3,5.5,2,4,3,2.5,2,0,2,0,0,0,1,0,0.8,8.8,4,6.8,94.88,2,0
35,0,6.9,6,20,3,5.2,1,3,0,3.09,8,6,0,1,1,0,1,0,2.3,7.8,5,5.7,105.61,7,2
22,1,4.8,6,0,1,6,3,1,4,1.74,8,3,3,0,0,0,1,0,0.9,7.5,4,7.9,19.11,12,0
16,0,4.5,4,11,0,5.6,2,2,2,2.23,6,1,3,0,0,0,0,0,2,7,3,8.9,77.9,2,0
21,1,3.6,2,16,3,5.4,4,3,4,3.09,3,4,0,0,0,0,0,0,1.9,6.1,3,8,40.97,11,0
27,1,12,3,1,2,5.2,1,4,3,3.75,4,5,2,1,0,1,1,1,3.2,4.9,9,0,348.26,16,3
16,1,5.4,2,2,2,5.8,2,4,1,2.81,2,3,4,0,0,0,0,0,0.4,8.3,2,6,34.87,4,0
23,0,7,0,6,0,3.8,2,0,3,2.7,9,0,3,1,1,0,1,0,6.2,4.8,5,9.5,128.77,5,2
25,0,6.2,6,0,2,5.9,3,3,2,1.79,8,5,4,0,1,0,0,1,0,8,6,10.2,30.42,4,1
24,0,5.7,4,10,3,5.7,2,2,4,3.47,1,1,1,0,1,0,1,0,0.1,6.5,3,8.6,76.37,5,1
16,1,6.2,1,15,1,5.8,2,2,4,3.53,1,5,1,0,1,0,0,1,1.2,5.4,4,8.7,57.17,2,1
19,0,9.6,5,9,2,3.6,2,2,4,2.57,8,5,2,0,1,0,0,1,4.7,7,7,0.5,451.73,8,2
19,0,11.1,4,10,1,5.9,3,1,5,1.58,9,2,2,0,1,0,0,1,5.3,3.8,8,0.8,80.87,8,2
24,0,7.8,0,6,2,5.9,0,3,1,1.64,6,2,4,0,1,1,1,1,0,7,3,8,143.11,10,2
20,0,6,3,17,2,5.5,4,3,0,3.88,8,5,0,0,1,0,1,1,0.2,6,6,10.7,33.26,4,1
14,1,3.1,1,8,3,7,4,3,5,2.8,2,6,4,0,0,0,0,0,1.5,8.4,1,13.4,37.55,1,0
25,1,7.2,6,5,2,4.4,3,4,2,2.9,1,3,0,1,1,0,1,0,1.4,7.3,4,6.8,135.46,5,2
22,0,6.9,0,13,3,6,3,1,2,3.05,8,8,2,1,0,0,1,1,0.2,7.7,4,5,140.64,11,1
22,0,2.5,2,21,3,8.1,3,4,2,3.54,2,6,0,0,0,0,0,0,0,8.7,3,10.5,28.41,3,0
28,1,5.9,5,19,3,6.6,4,1,5,2.69,3,1,1,0,1,0,1,0,0,5.6,3,10.3,97.31,5,1
26,0,5.9,5,19,0,6.3,3,0,4,3.84,6,5,1,0,0,0,0,0,1.7,7.3,3,10.6,112.85,9,0
19,0,4.8,6,0,1,5.9,2,3,4,1.51,9,6,1,0,0,0,1,0,3.7,5.5,4,8.2,115.72,7,0
17,1,4.6,1,8,1,6,3,1,3,2.23,4,3,1,0,0,0,1,0,1.3,8.1,4,10.5,20.94,6,0
16,1,5.2,6,20,0,6.3,3,3,4,2.22,5,3,2,0,0,0,1,0,3.2,8.9,2,9.1,10.52,5,0
30,1,5.2,4,11,0,6.5,4,3,4,4,9,3,2,0,0,0,1,0,1.8,8.5,4,8.3,126.54,18,0
22,0,5.6,4,23,3,6.3,2,1,3,3.42,2,1,3,0,1,0,1,0,0.3,5.9,4,10.2,130,4,1
16,1,5,4,23,2,5.9,2,0,1,2.26,10,6,2,0,0,0,1,0,2.1,5.5,3,10.4,145.08,4,0
21,0,7,1,14,3,4.8,1,3,1,3.57,4,2,1,0,1,0,1,1,1,8.2,3,5.1,142.25,3,1
19,0,1.7,5,7,2,8.7,4,3,5,2.23,10,0,3,0,0,0,0,0,0.4,10.4,2,9.8,36.8,2,0
22,1,6.4,3,22,1,5.4,2,1,3,3.24,4,3,0,0,1,0,1,0,0.3,6.1,2,9.5,145.93,1,1
20,1,3.3,0,18,3,8.3,4,2,5,2.74,3,6,4,0,0,0,0,0,1.2,9.1,1,10.7,13.68,6,0
16,1,9.3,6,20,1,3.1,3,4,2,1.82,5,3,2,0,1,1,0,1,0.5,3.7,6,4.5,90.17,4,3
20,1,6.3,4,11,3,6.2,2,1,3,2.54,5,6,1,0,0,0,0,1,3.1,8.5,6,9.5,80.72,6,0
24,0,13.4,4,11,0,3.9,1,0,2,3.36,3,0,4,0,1,0,1,0,6.3,5.2,9,1.6,64.52,14,2
18,0,6.6,3,1,3,5.4,0,3,1,2.34,4,5,3,0,0,0,1,1,0.8,5.6,5,7,80.91,4,0
20,1,5.3,4,23,2,6.8,3,0,1,3.93,2,3,4,0,0,0,1,0,0.4,9,2,7.1,128.13,8,0
16,0,7.4,5,9,2,5.2,3,2,2,3.68,9,3,3,1,1,0,1,1,2.1,5.8,3,8.7,67.44,4,2
22,1,1.8,6,0,1,8,4,1,5,3.17,10,5,3,0,0,0,0,0,0.2,8.9,2,14.2,40.78,6,0
20,0,4.4,5,9,1,6.3,3,1,4,1.51,2,8,4,0,0,0,0,0,0.3,7.6,4,8.7,38.47,9,0
16,0,4.5,2,21,2,5.1,2,0,3,3.45,9,0,2,0,0,0,0,0,0.4,7,4,6.2,104.97,6,0
33,1,3.7,3,12,2,6.5,2,0,3,2.05,10,0,2,0,0,0,0,0,0.1,9.3,3,11.5,23.14,14,0
18,1,1.5,5,9,0,7.1,3,1,4,1.91,2,4,1,0,0,0,0,0,0.7,8.1,1,11.9,0.1,7,0
19,0,6.7,3,1,3,3.8,1,2,2,3.61,5,4,4,1,1,0,1,0,0.4,6.6,2,7.5,117.79,8,2
15,0,6.5,4,23,3,4.7,1,4,4,3.57,6,1,2,1,0,0,1,0,4.2,5,2,6.9,109.59,1,1
31,0,1.4,5,19,2,8.8,4,4,1,3.54,1,3,0,0,0,0,0,0,0.3,10.5,1,14.6,24.22,3,0
14,0,8.3,0,13,1,6,1,4,1,1.19,1,5,1,1,0,0,0,0,4.4,5.5,6,8.2,37.2,4,1
24,0,9.3,6,0,1,4,3,0,1,2.35,8,1,4,1,1,1,1,0,4.3,6.6,6,3.2,170.31,12,3
19,0,4,5,19,2,6.9,2,4,5,3.33,3,3,4,0,0,0,0,0,1.1,9.1,1,11.4,29.01,9,0
15,0,8,4,23,1,5.4,1,3,1,2.83,1,0,1,1,0,1,1,1,4,6.3,5,7.3,80.45,4,2
26,0,6,6,5,0,6,2,4,1,1.85,7,1,0,0,1,0,1,1,1.6,6.2,4,7.9,24.29,14,1
33,0,4.2,4,23,0,5.9,3,2,5,2.05,7,6,1,0,0,0,0,0,0,6.2,2,10.5,17.42,18,0
14,0,4,0,13,3,6.8,2,2,4,1.44,8,0,2,0,0,0,0,0,1.5,7.8,2,9.6,15.49,3,0
16,1,6.5,0,18,0,5.6,0,4,2,1.86,9,8,0,1,0,0,1,1,2.3,7.1,4,5.9,83.36,2,1
18,1,8,5,7,3,3.2,2,3,2,3.11,9,4,4,1,1,0,1,0,4.8,5.9,6,3.6,41.3,7,2
18,0,3.5,6,5,3,8.8,3,2,2,2.01,9,1,4,0,0,0,0,0,0.4,7.5,1,11.2,24.33,5,0
15,1,6.4,0,6,0,5.7,2,3,3,1.46,1,5,4,0,0,0,0,1,0.9,5.1,5,5.5,84.7,2,0
19,0,8.2,2,21,3,4,2,2,2,1.1,4,8,3,0,0,1,0,1,1.1,5.2,4,4.5,41.81,1,1
15,0,0.7,1,8,0,7.5,4,3,4,3.68,3,6,2,0,0,0,0,0,0,10.6,1,16.5,15.58,2,0
17,1,3.7,5,19,0,5.6,1,3,3,1.27,7,2,3,0,0,0,0,0,0.7,9.7,3,10.9,23.73,1,0
20,1,2,1,8,3,7.9,4,4,3,3.82,4,6,1,0,0,0,0,0,0.7,10.4,2,12.2,10.61,10,0
23,1,9.7,2,3,1,5.7,1,4,2,1.69,3,6,2,0,0,1,1,0,1,3.2,6,3.1,118.63,11,2
15,1,4.3,0,6,1,5,2,0,1,3.12,2,2,1,0,0,0,0,0,0.4,7.6,4,8.6,8.15,2,0
22,0,3.5,2,2,2,8.9,4,4,3,2.17,8,6,4,0,0,0,0,0,0.2,8.1,1,8.6,44.2,3,0
19,1,12.3,2,21,0,3.5,3,2,1,2.55,2,5,0,1,1,0,0,1,1.6,4.4,9,1.6,413.29,9,3
16,0,3.8,2,2,3,5,2,1,4,1.68,3,7,2,0,0,0,0,0,0.4,9.2,2,9.8,34.33,4,0
16,0,10.9,5,7,2,5.3,2,0,2,1.71,7,0,3,1,1,0,0,1,5,5.9,9,0,52.19,2,3
26,0,4.8,2,21,1,6.3,4,1,3,1.89,10,1,2,0,0,0,1,0,2.3,9.2,4,6.6,107.55,3,0
23,0,3.8,5,19,0,5.5,2,1,0,3.54,1,7,2,0,0,0,0,0,0.9,7.5,3,10.6,32.76,10,0
19,0,12.5,2,2,1,5.7,0,1,3,1.55,3,3,4,0,0,0,1,1,1.3,2.4,9,0,376.05,6,1
22,2,4.4,3,22,2,6.6,2,3,2,1.66,9,2,4,0,0,0,0,0,0.1,6.4,2,10.2,17.3,4,0
16,0,11.4,6,0,2,3.3,2,3,1,1.49,5,8,1,0,1,0,1,0,2.9,3.9,7,2.3,233.11,4,2
27,0,8.9,5,9,3,4.4,2,0,1,4,9,1,2,0,0,0,1,0,1.5,5.8,6,3.3,258.94,1,1
24,0,2.3,3,1,2,8.5,3,0,4,3.15,5,6,3,0,0,0,0,0,0.2,9.5,1,14.1,6.27,2,0
16,2,4.7,4,23,2,6.2,3,0,5,3.71,3,2,4,0,0,0,0,0,0.1,9.2,2,7.1,24.44,1,0
15,1,5,6,5,0,6.4,4,4,4,1.54,4,6,3,0,0,0,1,0,0.3,5.8,2,11.5,10.19,2,0
17,0,3,2,2,3,8.4,2,2,3,1.99,4,6,3,0,0,0,0,0,3.4,9.1,1,12.2,30.68,1,0
17,0,7.1,5,7,2,5,2,0,0,2.91,1,1,2,0,0,0,1,1,0.6,6.4,6,5.4,49.26,4,0
19,1,8.5,1,8,3,3.3,2,2,5,1.77,8,0,0,1,1,0,1,1,1.2,4.7,5,3.8,354.28,6,3
25,1,4.8,1,15,3,6,3,1,2,1.73,3,3,2,0,0,0,1,0,1.5,9.2,2,9.7,35.97,13,0
27,0,1.7,5,7,2,7.7,3,1,5,2.28,6,6,1,0,0,0,0,0,0.1,7,1,10.9,15.3,14,0
20,0,8.3,1,15,1,5.9,1,3,5,1.09,10,0,3,0,0,0,0,0,1.1,4,6,3.6,69.71,2,0
17,0,12.1,0,13,0,5.6,0,1,2,1.75,6,6,1,1,0,1,1,1,6,3,8,2.6,380.39,4,3
17,1,5.8,3,22,1,6.8,1,4,2,2.7,6,2,1,0,1,0,1,0,0.3,5.2,3,9.5,123.39,3,1
17,1,8.5,0,18,1,3.9,2,4,1,1.42,5,5,4,1,1,0,0,0,1.5,3.6,8,3.8,200.6,4,3
19,0,3.9,3,22,3,5.3,1,0,4,1.56,1,0,4,0,0,0,0,0,0.2,7.9,1,9.5,27.46,5,0
24,1,3.7,1,15,3,5.5,3,4,4,2.05,9,6,4,0,0,0,0,0,1,7.7,1,9.7,30.53,7,0
21,0,10.4,1,8,1,5.7,1,0,0,2.21,10,0,0,1,1,0,1,1,1.1,3.9,6,5.8,380.83,4,3
28,1,6.4,5,7,3,6.5,1,2,2,1.96,1,3,4,0,1,0,0,1,1.5,8.2,4,8.9,86.39,3,1
19,0,10,5,9,1,5.4,4,1,0,3.7,9,1,4,0,0,1,1,0,1,5.8,5,3.9,270.84,6,2
20,0,11.1,2,21,3,5.6,3,1,1,1.98,6,5,2,1,1,1,0,1,0.4,5.8,6,2,396,4,3
19,0,6.7,0,4,2,4.9,3,3,4,3.55,4,1,1,1,0,0,1,1,3.4,6.4,5,8.2,56.05,5,1
24,0,5.9,2,2,0,6.8,4,1,3,1.79,3,6,1,0,0,0,0,0,0.5,6.6,4,6.7,37.44,14,0
30,0,3,5,7,1,8.3,4,4,4,3.87,6,7,2,0,0,0,0,0,1,7.4,1,12.2,13.32,11,0
17,0,6.6,1,8,2,4.8,3,0,3,3.92,5,2,4,1,1,0,1,0,0.3,6.8,3,5.2,17,3,2
21,0,11.7,2,16,3,6,1,0,1,3.05,5,0,3,0,1,0,1,1,0.8,5.1,7,0,303.54,1,2
23,1,13,5,9,2,5.2,0,2,2,2.13,7,1,4,1,1,0,1,0,6.4,5.1,8,0,239.25,6,3
14,0,4.3,0,4,3,5.6,3,1,3,2.63,2,0,3,0,0,0,0,0,0,6.6,2,9.7,27.9,3,0
21,0,4.8,1,8,1,7,2,3,1,2.42,3,2,0,0,0,0,1,0,2.7,6,2,7.7,110.49,10,0
23,0,3.9,6,5,1,6.7,2,4,1,2.63,8,2,0,0,0,0,0,0,0.3,7.2,2,10.4,29.56,5,0
17,1,5.1,0,6,0,7,4,3,2,3.96,7,6,2,0,0,0,1,0,0.3,5.8,1,10.6,97.92,6,0
19,0,7.8,1,15,3,4.1,1,2,1,1.74,4,1,4,1,1,1,0,1,1.5,7.2,6,7.1,106.73,2,3
18,1,2.1,3,12,1,8.6,4,2,3,1.86,8,6,4,0,0,0,0,0,0.7,9.3,1,9.8,49.39,5,0
17,1,6.2,0,13,3,5.7,3,2,2,2.22,10,2,3,0,1,0,1,1,2.2,5.2,4,5.2,37,6,1
17,0,6.3,1,15,2,6.6,3,3,3,3.01,6,1,0,0,1,0,1,1,2,6.9,2,8.6,147.26,2,1
21,0,8.4,2,21,1,5.1,2,0,2,2.38,10,1,1,1,1,1,0,1,1.8,5.8,6,2.8,73.12,8,3
22,0,10.3,6,0,0,5.8,2,2,1,2.9,10,3,1,1,1,0,1,1,3.9,4.1,6,2.9,446.66,11,3
17,1,3.2,3,12,0,7.2,4,0,1,3.6,4,8,2,0,0,0,0,0,0.9,7.9,1,13.8,12.37,3,0
28,1,8.6,1,14,1,4.2,3,1,3,4,2,1,2,0,1,1,0,1,3.7,5.3,6,4.8,309.02,9,3
19,1,4.3,3,12,2,5.5,3,3,2,1.96,1,0,2,0,0,0,0,0,1,8.2,3,8.1,18.74,4,0
23,0,5.4,3,22,1,6.7,4,3,3,3.98,9,6,0,0,0,0,1,0,0,7.2,3,12,101.27,10,0
17,1,4.4,2,16,3,6.1,3,0,1,1.03,7,6,2,0,0,0,0,0,0.3,9.5,2,8.1,35.72,5,0
18,0,11.4,3,12,3,4.6,1,2,2,1.61,10,1,3,1,0,0,0,1,2.5,5.1,8,0.2,151.46,5,2
17,0,8.6,5,19,1,4.9,2,0,1,2.95,5,3,3,1,1,1,1,1,2.6,5.6,5,3.8,123.19,7,3
15,1,7,6,5,0,4,2,1,0,1.93,9,1,3,1,0,0,1,1,0.1,8.4,4,3.7,65.22,5,1
29,0,5.8,4,23,2,6.6,4,1,1,1.67,1,6,1,0,1,0,0,1,0.5,7.7,4,9.5,27.31,4,1
17,0,6.2,6,5,0,5.4,2,1,3,3.01,6,1,0,0,0,0,1,0,2.2,7,5,6.2,115.5,7,0
17,0,6.3,4,10,0,6.2,1,3,4,2.75,5,5,2,0,0,0,1,1,0.8,7.9,3,7.5,35.84,7,0
22,0,13.5,2,16,3,4.3,1,0,1,1.93,10,5,3,0,1,0,1,0,0.8,2,10,0,52.68,8,2
26,0,7.4,0,13,0,3,3,3,1,3.42,3,8,4,1,1,0,1,0,0.8,7.7,4,5,75.3,2,2
20,0,1.2,1,8,1,8.2,3,1,3,1.86,10,5,1,0,0,0,0,0,0.3,9.7,1,15.1,39.28,1,0
18,0,2.3,6,0,3,7.4,3,3,5,1.76,2,6,3,0,0,0,0,0,0.6,10.2,2,12.9,35.69,6,0
22,1,4.6,1,14,2,6,3,0,5,1.71,2,8,2,0,0,0,1,0,0.5,7.5,3,9,46.89,11,0
29,0,0.7,1,15,1,7.3,3,2,2,1.5,4,5,4,0,0,0,0,0,0.3,8.5,1,11.8,46.38,15,0
18,0,0.6,0,4,2,8.1,3,3,4,1.46,7,6,4,0,0,0,0,0,0.2,10.8,1,13.5,36.92,8,0
19,0,4.8,0,13,0,6.8,2,3,3,3.46,6,8,1,0,0,0,1,0,1.3,8.4,3,11.1,47.78,4,0
23,0,5.5,4,23,2,6.3,2,0,1,3.97,6,7,1,0,0,0,1,1,1.7,6.6,4,7.6,51.25,8,0
18,0,6.3,5,19,1,5.6,4,0,4,1.02,9,3,3,0,1,0,1,0,0.7,5.8,4,10.8,10.47,5,1
21,0,11.9,6,20,2,4.2,2,4,1,3.34,3,1,0,1,1,1,1,1,2.6,4.1,8,2.6,374.32,10,3
21,0,4.1,5,9,0,5.2,3,4,4,2.63,9,8,3,0,0,0,0,0,1.3,8.7,3,11.2,45.63,2,0
19,1,0.8,2,3,0,7.4,3,2,4,1.43,2,6,2,0,0,0,0,0,0.1,8.8,1,11.8,35.12,3,0
17,1,3.7,6,20,0,5.5,3,1,3,1.86,3,8,4,0,0,0,0,0,0.1,6.3,1,11,22.33,7,0
23,0,11,1,14,1,3.4,1,4,1,3.05,6,5,2,1,1,0,1,1,2.5,4.5,7,0,144.47,8,3
27,0,1.5,2,21,3,9,4,2,3,3.2,3,8,3,0,0,0,0,0,0.5,10.4,1,12,10.08,12,0
17,0,6.6,0,6,0,3.7,2,4,2,1.5,6,2,1,1,1,0,1,1,1.2,5.5,6,5.3,29.91,7,2
16,1,5.9,5,19,2,6.6,3,4,2,1.77,2,1,2,0,1,0,1,1,0.2,5.9,3,6.5,19.38,2,1
33,1,5.5,1,14,0,6.1,4,0,2,1.4,5,6,0,0,1,0,0,0,1.4,8.1,3,6.4,82.37,6,1
16,0,11.4,1,14,2,3,2,4,2,3.91,9,1,2,1,0,1,0,1,1.5,5.6,7,3.1,73.87,2,3
18,1,2.7,4,10,1,8.6,4,3,5,3.85,6,6,3,0,0,0,0,0,0.1,6.9,1,9.7,42.45,3,0
22,0,5.5,2,21,2,6,0,3,3,1.06,1,6,0,0,0,0,1,0,0.8,8.8,3,9.6,91.34,10,0
15,0,7.3,1,15,3,4.5,1,0,3,2.89,2,1,4,1,1,0,1,1,1.6,4.9,5,6,115.77,1,2
24,0,7.7,4,23,3,3.2,2,3,0,1.61,8,8,2,1,1,0,1,1,1,5.7,3,4,30.64,7,2
19,1,8.3,3,1,2,5.5,2,4,3,1.44,10,5,2,1,1,1,0,1,1.4,4.4,5,8.2,10.32,4,3
19,0,9.5,4,10,1,4.6,1,3,2,3.65,1,6,4,1,0,0,0,1,3.4,3.7,6,6.9,336.84,7,2
20,1,10,3,17,1,5.3,1,0,2,2.71,7,3,0,1,0,0,0,1,5.7,6.9,5,2,386.2,4,2
27,0,2.8,3,12,2,7.3,4,3,3,2.91,7,6,0,0,0,0,0,0,2.2,9.3,1,11.2,16.42,14,0
21,0,8.6,1,14,1,4,3,2,1,2.67,4,1,1,1,1,0,1,1,1.6,6.9,5,1.7,471.04,2,3
16,1,4.9,6,20,0,5.1,2,4,3,3.44,2,8,3,0,0,0,1,0,0.8,9.2,3,9.8,89.56,2,0
17,0,3.4,5,19,0,8.8,4,2,4,2.86,3,6,0,0,0,0,0,0,0.8,8.5,1,9.5,13.73,5,0
19,0,2.2,2,21,2,8.9,4,4,4,1.03,10,7,4,0,0,0,0,0,0.1,9,1,14,38.09,3,0
20,1,4.2,5,9,2,6.1,3,3,2,2.77,2,6,2,0,0,0,0,0,1.2,7.8,3,10.9,22.92,1,0
18,0,5,6,0,0,6.4,3,3,2,2.76,6,5,2,0,0,0,0,0,1.8,5.7,3,8.8,130.46,5,0
21,2,7.9,6,20,0,5.1,2,1,1,1.63,6,1,2,0,1,0,0,0,1.6,5.8,4,6.3,70.68,9,1
21,1,10.7,0,18,2,3.7,1,3,3,1.13,6,0,2,1,0,0,1,1,0.1,5.7,8,0.7,394.92,2,2
25,0,8.6,3,12,0,5.1,2,3,2,1.07,9,1,4,0,0,1,0,1,2.8,6.6,6,5.5,141.47,5,2
28,1,8.8,1,14,2,4.8,2,1,0,2.94,5,3,2,0,0,1,0,1,4.2,7.4,6,2.5,442.42,5,2
23,0,3.4,3,12,3,7.5,4,2,4,1.05,6,3,0,0,0,0,0,0,0.4,8.9,1,13.9,36.34,9,0
21,1,6.3,2,21,0,6.1,4,0,1,1.67,4,6,1,0,1,0,1,1,4.1,5.1,2,9.6,120.62,11,1
18,0,2.1,2,21,0,7.4,4,0,5,1.79,5,6,2,0,0,0,0,0,0.3,10.6,2,11.1,39.9,3,0
17,0,4.6,5,7,1,5.1,3,0,2,1.44,6,8,2,0,0,0,0,0,2,6.1,3,10.6,15.54,3,0
25,1,9.8,0,6,2,5.2,3,4,1,1.44,7,8,3,1,1,1,0,0,8.1,3.2,6,2.2,63.25,10,3
20,0,3,3,12,3,8.1,4,0,5,3.26,1,7,1,0,0,0,0,0,0.7,9.7,1,8.9,34.88,1,0
14,1,2.9,0,4,3,8.7,4,4,5,1.86,9,2,2,0,0,0,0,0,0.9,9.2,1,12.3,0.78,4,0
15,0,5.8,4,10,1,6.6,3,3,4,1.45,7,8,2,0,0,0,0,0,0.5,7.6,4,7.5,10.87,5,0
22,0,5.7,5,9,0,6.8,3,4,4,3.89,6,0,3,0,0,0,0,0,1.9,6.1,3,6.5,44.8,9,0
19,0,7,6,5,2,3.8,3,4,5,3.08,1,8,0,1,1,0,0,1,3.3,7,2,9.2,61.59,8,2
15,1,7.9,5,19,1,4.3,4,3,1,3.4,5,8,3,0,0,0,1,1,0.7,7.3,5,4.6,80.06,4,0
20,0,7,6,5,0,3.6,1,0,1,1.4,3,2,3,0,1,0,1,1,4,7.6,5,7.2,23.82,3,1
34,0,1.4,0,18,1,8.3,4,3,4,2.24,9,5,0,0,0,0,0,0,0.3,10.4,1,13.5,48.31,16,0
18,1,8.7,4,11,2,6,1,3,2,2.87,4,0,2,1,1,0,1,1,6.7,6.6,5,2.6,486.6,1,3
16,1,6,3,12,2,6,3,4,4,1.35,5,1,0,0,1,0,0,1,0.5,6,3,5.5,134.04,5,1
17,1,4.7,6,5,0,5,4,0,4,3.27,1,3,3,0,0,0,1,0,3.1,7.9,3,10.2,22.32,7,0
20,1,3.9,6,20,0,6,4,3,2,1.16,1,6,1,0,0,0,0,0,1.3,8.9,3,8.6,28.45,6,0
18,0,7.1,3,1,1,4.4,1,4,2,1.49,9,1,1,1,1,0,1,1,0.4,6.3,4,6.8,94.86,2,2
20,0,2.9,4,10,3,7.7,4,2,5,2.13,7,8,0,0,0,0,0,0,0.6,8.7,1,8.9,41.86,8,0
22,1,6.7,5,7,1,4,2,2,2,3.55,4,1,4,1,0,0,1,1,3,4.6,4,8.1,59.16,11,1
27,0,7.6,4,23,3,3.3,2,3,4,2.92,5,4,3,1,0,0,1,1,2.2,4.6,4,2.8,114.21,15,1
17,0,6.6,4,23,3,5.8,1,0,2,3.68,1,1,3,1,0,0,1,1,0.3,5.3,5,6.4,59.22,4,1
19,0,5.3,5,7,0,5.5,2,0,3,2.26,2,2,1,0,0,0,0,0,0.2,5.6,3,9.2,112.89,6,0
17,2,5.6,5,19,1,6.3,1,3,5,1.82,8,0,3,0,1,0,1,0,2.5,7.3,3,9.9,148.83,5,1
15,0,3.4,1,15,2,8.4,4,2,2,3.17,7,6,1,0,0,0,0,0,1,7.2,3,11.9,28.03,4,0
15,0,8.2,6,20,3,5.3,2,4,2,2.36,1,1,3,0,0,0,1,0,1.6,5.8,5,4.6,88.12,1,0
22,0,10.5,2,16,2,4.8,1,4,1,1.41,6,3,3,1,1,1,1,0,3.1,4.9,6,0.1,443.88,11,3
22,0,7.4,5,7,0,3.2,1,4,2,2.8,5,2,3,0,1,0,1,0,2.6,8.2,4,4.6,20.41,6,1
27,0,4.7,3,17,3,5.9,2,0,2,2.2,6,0,1,0,0,0,1,0,1.5,5.9,1,11.6,121.89,6,0
16,0,5,0,18,0,6.1,3,2,2,3.18,9,1,1,0,0,0,1,0,1.5,8.8,2,9.7,90.52,2,0
22,0,4.9,6,20,3,5.3,2,3,2,3.98,9,2,3,0,0,0,1,0,0.4,8.9,5,8.9,40.15,6,0
14,0,8.7,5,7,0,5.1,2,4,2,2.07,10,8,2,0,1,1,1,1,1.5,7.2,6,5.2,259.52,3,3
19,0,1.7,5,7,1,7.4,2,2,4,2.27,3,6,1,0,0,0,0,0,0.5,9.3,1,11.2,16.37,5,0
18,0,6.8,0,13,0,5.2,0,4,0,3.29,6,1,3,1,0,0,0,1,0.2,6.8,6,7.9,26.83,7,1
24,0,8.9,4,11,0,4.7,1,0,4,1.11,4,5,3,1,1,0,1,1,5,4.3,7,2.8,391.6,5,3
25,0,4.2,5,9,2,5.3,4,3,5,3.17,5,5,3,0,0,0,0,0,1.1,8.5,2,12.8,48.39,13,0
18,0,6.9,6,5,2,5.7,2,3,2,3.77,4,5,2,1,1,0,0,0,3.6,7.5,3,9.4,146.82,7,2
27,0,6,1,8,1,6.3,1,1,5,1.82,10,8,4,0,1,0,1,1,1.1,5.6,3,9.4,107.64,10,1
19,0,11,0,6,2,5.3,0,2,0,1.88,9,8,3,0,0,0,1,0,1.4,4.7,6,0,341.34,1,1
18,0,11.9,1,8,1,5.7,4,4,3,1.03,8,5,4,1,1,0,1,0,0.7,3.6,7,1.7,97.11,8,3
18,0,6.3,5,19,1,6,3,3,3,3.41,5,3,1,0,1,0,1,0,0.2,6.2,3,5.8,147.18,5,1
21,0,2.2,0,4,2,7.7,3,3,5,3.16,1,8,3,0,0,0,0,0,0,9.8,1,14.8,0.44,5,0
23,1,6.2,1,8,3,5.3,4,2,4,3.44,10,1,4,0,1,0,0,0,2.7,8.6,3,5.9,130.71,5,1
22,1,9.3,2,3,1,5.4,1,3,1,3.56,10,5,3,1,1,1,1,1,1.5,3.7,6,4,377.17,1,3
20,0,5.6,1,15,1,5.9,3,0,1,3.33,9,1,1,0,1,0,1,1,1.9,8,4,9,141.67,1,1
20,0,6.2,3,12,0,5.6,4,4,4,2.19,3,8,4,0,1,0,1,1,0.2,8.5,3,10,142.95,6,1
19,1,7.1,1,15,3,5.1,1,0,3,1.38,6,1,4,1,0,0,1,1,1,5.2,3,9.6,83.29,6,1
30,0,7,3,17,2,3.7,3,3,2,2.19,1,1,4,1,1,0,0,1,4.7,8.5,4,6.8,44.15,5,2
16,0,3.7,6,0,1,6.6,4,4,4,2.89,5,8,1,0,0,0,0,0,0.4,9.2,3,12.8,6.16,4,0
23,0,3.3,3,17,2,7.4,3,3,5,2.89,3,6,3,0,0,0,0,0,0.6,6.8,1,8.8,44.8,6,0
21,0,7.6,0,18,2,5.7,2,1,4,3.53,6,1,3,0,1,0,1,0,0.8,6.4,3,7.1,80.72,2,1
22,1,6.4,3,22,1,5.4,1,2,3,2.18,2,7,2,0,1,0,1,0,1.6,7.3,4,10.3,18.13,5,1
24,0,5,3,22,2,5.1,2,0,2,2.94,7,5,3,0,0,0,1,0,0,8.4,4,11.4,120.77,2,0
19,1,4.2,6,0,0,5.3,1,0,3,3.38,8,8,2,0,0,0,0,0,0.8,7.5,1,8.3,28.98,5,0
23,1,10.2,6,5,3,5.1,1,0,2,3.08,5,1,2,1,0,1,1,1,1,3.1,8,0.7,307.08,9,3
19,0,5.1,1,15,2,6.5,3,3,2,2.29,3,6,0,0,0,0,1,0,1.4,7.1,3,9.3,111.43,7,0
20,1,8.1,3,12,2,5.7,1,0,1,1.79,5,8,0,1,1,1,0,1,0.8,7.8,6,7.9,47.01,7,3
19,0,6.9,0,6,0,3.5,1,2,1,2.07,2,5,2,1,1,0,1,0,4.3,5.2,3,7.6,127.17,7,2
24,0,4.5,0,13,1,6.6,3,2,3,1.05,5,6,3,0,0,0,1,0,2.2,8.5,2,6.3,145.25,3,0
18,1,6.1,5,9,1,6.6,3,1,5,3.87,1,6,3,0,1,0,1,0,2.2,7.4,4,6.9,31.46,4,1
27,2,8.8,2,3,2,3.4,1,1,3,3.09,10,3,4,1,1,1,0,1,0.5,6,6,5.2,66.85,7,3
19,1,5.3,4,23,1,5.7,3,3,2,1.54,9,5,0,0,0,0,1,0,1.9,5.7,5,6.6,36.25,2,0
16,0,9,2,3,1,5.8,2,1,1,2.8,9,3,1,1,1,1,0,1,0.3,7,6,3.8,315.72,5,3
23,0,8.3,6,20,0,3.8,1,4,0,2.28,4,5,2,0,0,0,1,0,7.6,7.6,5,3.1,14.06,10,0
20,0,0.7,2,2,3,7,4,4,4,2.36,5,8,1,0,0,0,0,0,0.4,8.3,1,14.2,16.79,2,0
19,0,10.9,6,20,2,5.7,1,4,4,2.39,5,1,0,1,0,1,1,1,3.7,4.6,7,0,486.86,8,3
21,1,10.1,6,5,0,4.1,2,4,2,3.04,2,1,1,0,0,1,1,1,2.4,5.2,8,0.8,216.97,9,2
20,1,5.7,4,10,3,6.1,3,1,2,3.04,9,0,2,0,0,0,1,1,0.7,5,4,6.2,45.63,4,0
21,0,7,4,23,2,5.9,0,1,0,3.46,6,5,3,1,1,0,1,1,1.4,5.6,5,6.1,100.91,11,2
23,0,7.3,1,14,1,5.6,1,3,1,3.09,4,5,2,0,0,0,0,1,0.4,8.5,3,5.2,29.85,9,0
21,1,6.1,6,5,0,6.4,1,0,1,3.62,8,3,3,0,1,0,0,1,1.9,5.1,4,9.4,102.56,11,1
23,0,7.1,1,14,1,3.7,4,0,3,2.48,5,8,0,1,1,0,1,0,0.6,6.4,4,4.5,89.72,5,2
15,1,4.1,5,19,1,6.2,3,1,5,2.62,1,1,0,0,0,0,0,0,1,9.6,3,9.5,47,1,0
23,1,4.5,4,11,2,5.7,1,3,3,1.69,9,5,2,0,0,0,1,0,0.4,7.1,3,7.4,40.72,12,0
21,2,5.2,5,7,1,5.9,2,1,3,3.62,6,1,4,0,0,0,1,0,1.3,6.8,3,8.5,27.48,3,0
18,0,2.3,6,20,1,7.9,4,1,5,3.38,10,8,4,0,0,0,0,0,0.6,10.8,1,13.8,40.47,2,0
26,2,9.1,1,8,3,5.7,2,0,2,2.89,9,0,0,0,0,0,1,0,0.9,6.7,6,3.2,413.14,9,1
18,0,8.2,4,23,2,5.2,1,0,2,3.83,5,3,1,0,1,1,1,0,0.7,6.1,8,2.6,75.11,3,2
20,0,4.5,4,11,2,6.6,3,3,4,2.23,6,5,3,0,0,0,1,0,0.1,6.2,4,10.6,25.62,1,0
30,0,6.3,3,12,2,6.5,4,1,5,3.82,1,2,2,0,1,0,1,0,0.3,5.1,3,8.8,90.63,16,1
24,1,6.1,4,10,0,5.9,3,2,2,1.94,1,0,3,0,0,0,1,0,2.7,5.4,4,10.4,49.79,10,0
20,0,8.1,0,6,2,3.3,3,4,0,3.11,3,8,2,1,1,1,0,0,0.3,6.2,6,8,84.8,8,3
23,1,5.6,0,18,2,5.2,3,0,2,3.24,5,6,0,0,1,0,0,1,1.7,5.2,4,9.9,98.62,13,1
19,0,0.6,1,15,2,7.8,3,4,3,3.18,1,5,2,0,0,0,0,0,0,8.9,2,13.2,20.33,3,0
19,0,6.6,1,14,0,6,1,2,2,2.36,3,6,1,1,0,0,1,0,1.8,6.7,5,6.9,60.38,4,1
18,0,8,0,18,3,4.5,3,3,2,3,2,3,2,1,1,0,1,1,3.1,5.3,5,3.5,14.54,8,2
19,0,14.7,0,13,1,3.5,2,0,2,2.28,5,4,3,0,1,0,1,1,2.1,1.3,10,0,178.29,1,2
23,1,8.2,3,1,2,5,3,3,2,2.32,5,5,1,1,1,1,1,0,2.7,5.7,5,8.4,140.71,8,3
19,1,4.3,0,4,2,6.3,3,1,2,3.87,3,3,4,0,0,0,0,0,0.2,8.5,2,8.3,24.27,5,0
14,0,3.8,2,2,2,6.3,2,2,2,1.12,6,2,0,0,0,0,0,0,0.6,9.3,2,8.9,26,4,0
17,0,5.8,0,13,1,6.4,4,4,3,1.49,8,8,3,0,0,0,1,1,3.1,6.8,4,5.8,10.29,6,0
13,0,2.9,1,15,1,8.5,3,2,4,2.27,6,8,4,0,0,0,0,0,0.7,9.1,2,9.8,36,3,0
14,0,4.9,3,22,3,6.1,2,3,5,1.78,6,6,2,0,0,0,1,0,0.4,7.1,3,7.9,128.35,4,0
17,0,6.7,3,17,0,3.4,4,1,2,2.99,4,4,0,1,0,0,1,0,2.7,7.5,4,6.2,10.6,3,1
25,1,9.5,3,12,0,4.7,2,2,2,2.63,1,2,4,1,0,1,0,0,1.1,5.5,7,1.9,204.58,13,3
15,0,5.7,4,23,0,6,2,3,2,2.59,5,4,0,0,0,0,0,1,1.6,6.5,4,7.1,30.98,2,0
20,0,7.1,2,16,3,4.2,3,4,0,2.85,7,0,4,1,1,0,0,1,1.1,6.6,4,6.6,78.44,2,2
27,1,7.5,0,18,1,3.4,2,3,3,3.58,3,3,2,0,1,0,1,1,0.2,6.4,5,4.4,143.89,12,1
22,1,4.9,5,9,1,6.9,3,1,3,1.42,3,6,2,0,0,0,1,0,1,9,2,11.6,85.49,1,0
20,1,5,3,12,0,5.9,2,0,3,1.85,1,1,4,0,0,0,1,0,0.7,8.2,3,9.3,48.66,6,0
18,1,2,0,4,0,8.5,3,2,4,3.34,6,8,3,0,0,0,0,0,0.6,8.2,1,13,14.51,5,0
17,0,5.8,4,23,3,5.8,3,1,3,2.9,2,5,4,0,1,0,1,1,0.7,7.5,5,8,40.86,7,1
19,0,4.9,4,23,0,6.6,3,3,3,1.5,1,8,2,0,0,0,1,0,1.1,7.2,5,8.8,104.88,3,0
25,1,1.9,6,20,1,8.5,4,4,4,3.38,3,0,0,0,0,0,0,0,1.2,7.5,1,13.4,19.61,1,0
25,1,4.9,1,8,2,6.9,2,4,4,1.86,10,2,2,0,0,0,0,0,2.1,6.3,5,7.5,109.21,1,0
21,0,2.6,4,10,1,7.2,3,3,4,2.22,4,6,1,0,0,0,0,0,1.4,7.8,1,13.6,35.73,8,0
17,0,1,6,5,0,8.2,4,2,1,3.18,1,7,1,0,0,0,0,0,0.4,11.3,1,15.7,42.85,6,0
19,1,3.9,0,13,0,5.9,2,4,2,3.15,7,0,4,0,0,0,0,0,0.1,6.3,1,9.4,29.14,1,0
19,0,6.4,4,23,2,5.6,3,0,3,1.88,10,0,3,0,1,0,1,1,1.3,6,4,8,126.52,7,1
15,1,9.5,6,5,2,4.4,2,1,4,1.61,3,3,0,0,0,0,1,1,2.9,4.7,6,2.9,133.69,5,1
20,2,7.4,6,5,2,5.6,0,0,2,2.55,1,2,2,1,1,0,1,1,1.1,6.8,4,5.2,101.34,9,2
25,1,6.1,3,1,0,6.4,3,1,5,3.38,7,5,3,0,0,0,1,0,3.3,5.6,5,8.1,67.49,4,0
28,0,5.4,6,0,3,6.4,2,1,4,1.36,2,3,0,0,0,0,0,0,1.2,8.3,6,11.2,49.34,18,0
17,0,7.2,6,5,0,4.6,1,1,1,1.4,8,1,3,1,0,0,0,0,3.1,6.2,3,4.4,59.25,4,1
21,0,1.7,4,23,3,8.3,2,1,2,1.44,9,6,1,0,0,0,0,0,0.1,8.8,1,13.7,0.8,9,0
20,0,9.5,2,3,0,5.4,2,4,1,2.79,2,1,4,0,1,1,1,0,2.3,7.5,6,2.5,72.16,7,3
30,0,14.7,2,3,2,4.2,2,2,0,2.13,5,2,4,0,1,1,0,1,5,2.4,10,0,380.97,19,3
22,2,5.8,1,15,2,6.5,3,0,4,1.13,9,4,2,0,1,0,1,0,1.2,7.7,4,9.7,114.03,3,1
24,0,1.9,6,5,3,7.2,4,3,4,2.76,6,6,1,0,0,0,0,0,0.1,10.9,2,13.5,5.62,12,0
22,0,4.3,0,4,1,5.2,4,2,5,2.47,9,6,4,0,0,0,0,0,1.2,7.9,1,12.5,33.26,5,0
15,0,6.6,5,9,2,4.1,2,0,0,1.3,6,1,2,0,1,0,1,0,3.7,5.9,4,7.6,92.99,5,1
21,0,6.3,4,11,0,5.1,2,4,4,2.01,6,3,2,0,1,0,1,1,1.6,7,3,5.3,14.97,5,1
17,0,2.8,0,13,0,7.2,4,1,4,3.36,3,8,2,0,0,0,0,0,0.6,10.2,2,10.5,49.53,5,0
15,0,8.1,1,8,1,4.9,1,3,3,2.72,4,2,4,0,1,1,1,0,1.2,6.4,4,6.6,60.41,3,2
27,0,6.6,0,4,2,5.1,2,2,1,1.75,6,1,1,1,0,0,1,0,2.5,6.1,5,3.8,59.86,2,1
21,1,5.8,1,14,1,6.2,4,1,3,3.39,9,0,3,0,1,0,1,1,4.4,5.8,3,6.2,107.95,10,1
19,0,1.9,2,3,1,7.6,4,2,5,1.69,9,6,1,0,0,0,0,0,0.5,10.5,2,10.2,16.99,4,0
24,1,4.3,1,8,2,6.9,4,4,5,1.24,6,1,4,0,0,0,0,0,0.9,6.1,1,9.7,33.21,13,0
20,0,5.4,4,10,0,6.9,1,2,5,2.08,8,8,2,0,0,0,1,0,0.1,8.6,3,8.9,69.06,7,0
18,0,12,0,18,1,5.8,1,1,1,3.02,7,5,4,0,1,1,1,0,2.2,2.4,7,2.2,405.19,3,3
19,0,8.8,4,11,0,3.5,0,2,2,3.73,10,3,2,1,0,1,1,0,2.1,6.5,6,1.6,456.77,9,3
20,2,3.9,5,9,1,6.8,2,2,3,3.63,1,3,1,0,0,0,0,0,0.9,6.5,2,11.6,45.92,8,0
21,0,11.6,5,7,1,3.7,2,0,0,2.96,8,2,2,0,1,0,1,0,3.2,4.1,8,3.1,131.29,9,2
28,0,5.2,2,3,0,5.3,4,3,4,3.78,2,3,4,0,0,0,1,0,2.7,8.2,3,9.8,12.79,18,0
19,0,4.1,2,2,3,5.2,3,2,4,3.98,9,1,0,0,0,0,0,0,2.8,6.1,3,7.7,1.99,3,0
30,0,9.3,1,15,0,4.4,1,2,1,1.8,6,1,2,1,1,1,1,0,4.4,4,4,6.9,458.97,18,3
19,0,2.5,3,22,0,7.4,3,0,3,1.5,9,7,4,0,0,0,0,0,0.3,9.7,3,14.4,45.05,5,0
22,0,3.6,3,22,1,5.6,2,0,2,1.76,10,3,0,0,0,0,0,0,0.3,8.3,1,11.6,1.38,1,0
19,1,8.9,6,20,2,5.9,1,2,0,2.44,5,4,1,1,1,0,1,0,0.8,5.6,5,2.6,190.37,7,3
20,0,4.7,1,15,0,5.9,3,2,3,3.63,8,1,1,0,0,0,1,0,0.4,8.2,4,9.6,79.06,9,0
22,1,6.3,2,3,0,6.8,2,1,3,2.05,2,2,0,0,1,0,1,1,0.4,7.8,5,6.3,50.08,4,1
20,1,1.8,1,14,3,8.8,4,1,4,3.8,7,7,2,0,0,0,0,0,0.2,7.8,1,10.2,47.37,9,0
27,0,12.4,0,6,0,5.1,2,1,4,1.78,7,0,1,1,1,1,0,0,1.4,2.9,8,0,331.29,2,3
17,0,4.1,0,13,3,6.4,4,2,3,1.12,5,1,4,0,0,0,0,0,0.7,6.8,2,11.2,12.42,1,0
18,0,8.1,5,9,3,4.5,2,4,2,3.42,1,1,3,1,1,0,1,0,2.6,5,6,8.2,82.51,7,2
20,0,11.2,6,20,3,5,2,4,2,1.12,2,1,3,1,1,0,1,1,5.5,5.7,6,2.3,339.42,9,3
26,0,11.3,1,8,1,3.2,1,2,1,2.74,7,5,2,1,0,1,1,1,2.1,6.2,7,1.2,334.36,3,3
20,0,4.7,6,20,3,5.7,4,0,5,2.63,8,6,3,0,0,0,1,0,1.8,7.3,1,7.7,74.39,9,0
17,0,5.6,6,20,2,6.2,1,1,3,3.11,5,3,2,0,1,0,1,0,2.4,8.6,3,5.6,36.12,3,1
20,0,5.6,1,14,0,5.4,4,2,2,3.24,3,0,1,0,0,0,1,1,0.7,8.4,3,5,68.45,1,0
28,0,7.7,2,16,0,3.1,4,0,1,1.88,3,3,0,1,0,0,1,1,1.8,7.2,5,7.8,129.71,5,1
15,0,5,5,9,1,5.6,3,4,3,3.43,1,1,4,0,0,0,1,0,1.5,7.7,4,11.1,36.8,2,0
20,2,10.2,6,5,2,4.8,1,0,2,3.81,8,8,4,1,1,0,0,0,1.7,3.9,5,5.7,312.2,8,3
15,0,11.4,5,9,3,3.9,1,0,3,2.48,6,3,4,1,1,0,0,0,8.7,5.9,9,2.9,367.71,2,3
28,1,10.1,5,7,2,3.2,4,1,0,2.05,7,5,3,0,0,1,1,0,2.7,4.4,9,2.8,154.85,15,2
20,1,6.1,3,22,2,6.3,3,1,4,3.58,6,1,4,0,1,0,1,1,0.2,8.4,3,7.8,135.6,2,1
20,0,9.8,6,5,2,6,3,4,1,2.02,6,1,1,1,0,1,1,1,1.7,5.2,6,2,444.67,6,3
27,0,4.9,2,21,2,6.1,4,2,3,3.53,8,0,0,0,0,0,0,0,2.2,6.7,2,6.4,36.17,14,0
22,1,3.4,2,16,3,7.3,4,1,5,2.91,1,6,0,0,0,0,0,0,0.2,9.3,3,14.1,47.32,12,0
22,0,8.6,3,1,3,3.8,1,3,2,1.31,6,3,4,1,0,0,1,0,0.1,4.2,6,4.3,455.29,1,2
25,0,11.8,5,19,0,3.5,2,0,0,3.22,4,1,1,1,1,1,1,1,7.6,2,8,0,227.37,14,3
24,1,5.4,0,18,3,5.7,3,1,3,2.48,9,3,0,0,0,0,1,0,0.1,6.2,4,10.9,88.2,13,0
18,0,3.8,1,14,0,6.8,4,2,3,3.48,2,6,2,0,0,0,0,0,0.9,8.8,1,12.8,46.64,3,0
16,0,8.7,4,10,0,4.3,3,4,2,1.65,2,5,2,1,0,0,1,0,2.1,4.6,7,5.1,466.73,5,2
19,0,11.3,3,12,0,4.5,1,2,3,2.06,7,1,2,1,0,1,1,0,6.8,3.4,6,1.1,446.72,3,3
25,1,3.7,2,16,3,6.8,4,3,3,1.62,5,1,2,0,0,0,0,0,0.4,8.2,2,9.2,27.83,10,0
23,0,2.5,2,21,2,8.2,4,2,4,1.04,8,6,3,0,0,0,0,0,0.7,10.2,1,11.1,16.97,4,0
33,0,8.9,1,8,1,5.5,2,4,2,2.21,6,3,0,1,0,0,1,1,5.3,7.5,4,3.6,129.13,1,2
29,0,3.3,6,5,3,8.5,4,4,5,2.43,1,8,3,0,0,0,0,0,0.2,7.3,3,13.4,24,17,0
19,0,7.7,0,18,1,3.9,2,2,2,2.53,1,3,1,1,1,0,0,0,2.7,7.9,6,6.4,67.61,6,2
19,0,1.1,0,4,3,7.7,4,3,5,1.78,4,1,3,0,0,0,0,0,0.2,7.6,1,12.4,5.41,2,0
24,1,7.2,1,8,3,3.5,2,2,1,1.57,7,3,0,1,0,0,1,1,2.6,7.2,4,8.3,141.29,3,1
21,0,8.3,2,16,1,3.7,2,0,0,1.12,1,3,3,0,0,1,1,0,0.7,6.8,7,2.7,17.93,5,1
20,0,2.8,2,3,2,8.2,3,1,4,1.64,1,6,0,0,0,0,0,0,2.3,6.9,1,11.5,18.69,9,0
22,1,5.5,5,7,1,5,2,3,4,3.13,2,2,4,0,0,0,1,0,1.5,9.3,3,11.8,33.67,10,0
26,0,5.7,5,9,1,5.4,2,0,4,2.46,8,3,4,0,1,0,0,1,1.4,7.6,3,10.4,96.14,5,1
23,2,6,3,12,0,6.2,3,4,2,1.82,2,4,2,0,0,0,1,1,1.4,6.8,4,5.9,28.31,11,0
21,0,5.9,4,11,3,6.2,0,2,2,2.35,5,2,1,0,1,0,1,1,0.5,7.9,3,5.8,142.99,3,1
20,0,7.7,5,9,3,5.2,1,0,2,3.71,2,3,0,1,0,1,1,0,0.4,6.2,6,7.7,37.02,5,2
25,0,4.9,3,12,0,6.6,3,3,3,2.21,2,1,2,0,0,0,1,0,1.2,6.1,3,10.7,21.48,9,0
16,0,7.6,2,2,1,4,2,2,1,1.6,4,1,4,0,1,1,1,0,2.5,6.6,4,5,138.82,1,2
15,1,5.2,1,15,0,5.1,4,3,3,3.82,3,6,4,0,0,0,1,0,1.1,6.4,4,9.8,77.03,3,0
20,1,6.8,0,4,3,5.3,1,2,1,2.55,1,5,0,1,1,0,1,0,2.5,5.4,5,5.8,77.66,8,2
18,1,10.8,2,2,3,5,1,1,3,3.21,8,3,1,1,0,0,1,1,4.5,4,6,0.3,110.92,1,2
24,0,3.6,1,8,3,5.6,3,3,3,3.52,9,5,3,0,0,0,0,0,0.7,8.2,4,9.8,46.98,6,0
19,0,9.3,3,22,3,5.1,2,1,1,1.78,4,5,0,0,1,1,0,1,0.1,3.9,4,5.4,50.18,8,3
18,2,7.6,2,21,0,4.8,1,0,5,1.05,4,1,4,1,1,0,1,1,3.6,6.1,3,8.1,37.08,4,2
19,0,7,6,20,3,4,1,3,1,3.3,3,0,4,1,1,0,0,0,0.2,7.3,5,7.4,54.91,1,2
23,1,1,3,1,0,7.9,4,3,5,2.6,8,6,0,0,0,0,0,0,0.1,10.9,1,15.2,8.43,1,0
16,1,2.8,3,22,0,8.6,4,4,4,1.4,8,7,0,0,0,0,0,0,0.3,8.4,2,8.8,17.43,3,0
17,0,4.1,0,13,0,5.5,2,1,4,1.13,2,6,0,0,0,0,0,0,0.7,6.4,2,12.4,32.97,5,0
20,1,6.3,6,5,1,6.5,3,2,4,1.24,6,6,3,0,0,0,1,0,2,7.4,4,8.6,70.66,1,0
16,1,8.5,6,20,2,3.6,2,0,1,2.36,6,1,1,0,0,0,1,1,2.1,5.8,5,2.2,231.04,1,1
16,0,7.4,3,1,1,5.3,2,3,0,2.66,4,8,3,1,1,0,1,1,1.9,4.8,5,7.3,54.82,6,2
23,0,11,2,2,2,4.9,3,4,0,1.13,5,6,4,0,1,1,0,1,3.2,5.7,6,0,388.42,9,3
20,0,7.8,2,3,1,4.8,1,0,2,2.91,7,0,3,1,0,0,1,0,1.5,5.2,3,7,146.41,5,1
17,1,8.3,4,10,2,4.9,3,2,1,2.73,2,1,0,0,0,1,1,1,0.8,4.8,7,7.6,59.04,2,1
27,1,4.2,5,9,3,5.9,3,4,3,1.65,8,6,2,0,0,0,0,0,1.4,8.7,4,8.9,30.61,6,0
21,1,7.4,2,2,0,5.5,1,1,2,1.88,3,1,0,1,1,0,1,0,1.5,7.4,5,4.8,113.01,6,2
19,0,8.4,2,2,0,5.9,4,3,1,2.33,9,4,0,1,0,1,1,0,1.7,5.3,6,3.8,44.54,9,2
22,1,8.7,0,18,2,4.4,2,0,2,2.48,4,7,2,1,1,0,1,1,3.1,6.9,5,2.4,107.16,12,3
25,0,9.4,2,2,1,4.5,2,1,3,2.94,9,0,4,1,1,0,1,1,2.7,6.8,5,2.4,361.61,15,3
22,1,13.6,6,5,1,5.8,2,1,0,2.92,5,3,3,1,1,0,1,0,1.4,2.4,8,0,438.83,2,3
18,0,7.1,6,0,1,4.1,0,2,0,2.07,2,4,0,0,0,0,1,0,1,8.1,5,4.2,105.16,4,0
23,0,5.9,1,8,0,5,4,3,4,1.39,2,5,0,0,0,0,0,1,1.1,8.3,5,6.3,124.93,1,0
30,0,4.4,3,1,2,6.5,3,3,0,2.13,8,7,0,0,0,0,0,0,0.9,8.5,4,13,20.1,8,0
17,0,7.3,3,22,3,4,3,4,1,2.9,8,1,4,0,1,0,0,0,1.6,6.8,3,4.5,67.44,7,1
18,1,3.5,2,16,3,6.1,3,3,3,3.68,6,2,2,0,0,0,0,0,0.1,6.9,1,8.5,1.35,6,0
19,0,4.7,1,8,2,6.7,3,3,5,2.02,10,5,3,0,0,0,0,0,2.9,6.5,2,9,59.91,9,0
20,0,4.4,4,11,0,5.4,1,2,4,2.26,5,8,2,0,0,0,0,0,1,9.7,3,12.1,8.08,7,0
16,0,1.5,1,14,3,9,4,3,4,2.91,6,7,4,0,0,0,0,0,0.1,9,1,12.2,45.29,2,0
19,1,7,2,21,0,3.2,3,3,1,3,1,1,4,0,1,0,0,1,1.4,7.7,5,5.8,121.06,2,1
24,1,3.6,5,7,1,6.8,3,0,2,2.95,8,8,1,0,0,0,0,0,1.5,7.7,1,9.5,31.45,1,0
18,0,6.1,4,10,0,5.5,3,1,2,1.11,6,3,3,0,0,0,1,0,1.8,8.3,3,8.2,143.48,8,0
32,1,4.9,5,19,2,5.7,2,4,1,2.19,4,8,0,0,0,0,0,0,1.4,6.4,5,9.6,18.84,18,0
20,1,9.3,3,1,2,5.8,3,1,1,2.53,8,2,0,0,1,1,0,0,0.4,4.4,6,6.1,220.04,10,3
15,1,8.6,6,0,0,4.1,1,4,3,2.96,6,5,2,1,0,1,1,1,1.9,7.5,6,2.4,426.54,3,3
18,0,5.4,4,10,1,6.5,3,0,5,3.42,1,2,3,0,0,0,1,0,2.1,7.7,1,10.9,83.71,7,0
23,0,7.3,5,19,0,3.9,0,1,1,1.56,3,4,4,1,1,0,0,1,0.5,8.1,5,6.7,88.6,5,2
18,0,3.1,6,20,2,8.2,3,2,4,1.03,10,6,1,0,0,0,0,0,0.8,8.4,1,12.7,22.02,8,0
29,0,3.5,5,7,1,7.4,4,2,2,3.16,6,6,4,0,0,0,0,0,0,9.3,2,10.9,25.2,19,0
